Date,Price,% Growth
2013-01-02,23.306,0.0
2013-01-03,23.1136,-0.008255384879430156
2013-01-04,22.8221,-0.020762893675448466
2013-01-07,22.868,-0.018793443748391075
2013-01-08,22.3703,-0.040148459624131154
2013-01-09,22.4964,-0.03473783575045051
2013-01-10,22.5628,-0.03188878400411918
2013-01-11,22.7287,-0.024770445378872435
2013-01-14,22.8898,-0.01785806230155324
2013-01-15,23.2323,-0.003162275808804699
2013-01-16,23.8634,0.023916588003089233
2013-01-17,24.4543,0.0492705741010898
2013-01-18,25.0586,0.07519951943705472
2013-01-22,24.4543,0.0492705741010898
2013-01-23,25.3809,0.08902857633227493
2013-01-24,25.1526,0.07923281558396973
2013-01-25,25.2466,0.08326611173088475
2013-01-28,24.7699,0.06281215137732768
2013-01-29,25.0519,0.07491203981807255
2013-01-30,24.7968,0.0639663605938385
2013-01-31,24.6356,0.05704968677593749
2013-02-01,24.9646,0.07116622329013987
2013-02-04,25.0318,0.07404960096112587
2013-02-05,24.9781,0.07174547326868619
2013-02-06,24.9378,0.07001630481421085
2013-02-07,24.4543,0.0492705741010898
2013-02-08,24.3402,0.044374839097228114
2013-02-11,24.0716,0.03284990989444774
2013-02-12,23.7829,0.020462541834720696
2013-02-13,23.6822,0.01614176606882351
2013-02-14,24.555,0.053591349866986986
2013-02-15,25.2332,0.08269115249292024
2013-02-19,25.6428,0.10026602591607311
2013-02-20,25.9248,0.11236591435681799
2013-02-21,26.039,0.1172659401012615
2013-02-22,25.8241,0.10804513859092081
2013-02-25,25.0922,0.07664120827254772
2013-02-26,24.9042,0.06857461597871786
2013-02-27,24.6625,0.058203895992448317
2013-02-28,24.79,0.06367459023427435
2013-03-01,25.3876,0.0893160559512571
2013-03-04,25.6764,0.10170771475156612
2013-03-05,25.1862,0.08067450441946274
2013-03-06,25.3406,0.08729940787779959
2013-03-07,25.1728,0.08009954518149823
2013-03-08,25.0721,0.07577876941560105
2013-03-11,25.2936,0.08528275980434225
2013-03-12,24.9579,0.07087874367115754
2013-03-13,24.9579,0.07087874367115754
2013-03-14,25.2198,0.08211619325495573
2013-03-15,25.8509,0.10919505706684966
2013-03-18,25.6227,0.09940358705912629
2013-03-19,25.7569,0.1051617609199348
2013-03-20,26.227,0.12533253239509137
2013-03-21,25.8442,0.10890757744786748
2013-03-22,26.1665,0.12273663434308754
2013-03-25,26.4015,0.1328198747103749
2013-03-26,26.9991,0.15846134042735766
2013-03-27,26.9588,0.15673217197288247
2013-03-28,27.3819,0.17488629537458167
2013-04-01,27.6102,0.1846820561228867
2013-04-02,27.3349,0.17286964730112417
2013-04-03,27.2409,0.16883635115420917
2013-04-04,27.9324,0.1985068222775251
2013-04-05,27.7377,0.1901527503647129
2013-04-08,28.0466,0.20340684802196862
2013-04-09,28.5703,0.22587745644898302
2013-04-10,29.2888,0.25670642752939143
2013-04-11,29.2754,0.2561314682914271
2013-04-12,29.2008,0.2529305758173861
2013-04-15,28.0827,0.2049558053720071
2013-04-16,28.7671,0.23432163391401348
2013-04-17,28.6248,0.2282159100660774
2013-04-18,28.679,0.23054149146142613
2013-04-19,28.7264,0.23257530249721103
2013-04-22,29.953,0.2852055264738693
2013-04-23,30.59,0.3125375439800909
2013-04-24,30.0343,0.28869389856689265
2013-04-25,29.9801,0.28636831717154376
2013-04-26,31.0644,0.33289281730026593
2013-04-29,30.651,0.3151548957350038
2013-04-30,31.2067,0.3389985411482022
2013-05-01,30.8679,0.3244615120569809
2013-05-02,29.8107,0.2790998026259332
2013-05-03,30.2783,0.29916330558654425
2013-05-06,30.2173,0.29654595383163135
2013-05-07,30.4342,0.3058525701536085
2013-05-08,29.4719,0.2645627735347121
2013-05-09,29.9801,0.28636831717154376
2013-05-10,30.5019,0.3087574015275036
2013-05-13,30.1834,0.2950913927743928
2013-05-14,30.7323,0.318643267828027
2013-05-15,31.1932,0.33841929116965586
2013-05-16,31.3151,0.3436497039388998
2013-05-17,31.9657,0.3715652621642494
2013-05-20,31.349,0.3451042649961383
2013-05-21,31.5388,0.353248090620441
2013-05-22,31.6879,0.35964558482794123
2013-05-23,31.5727,0.35470265167767956
2013-05-24,30.7933,0.3212606195829399
2013-05-28,30.7595,0.31981034926628327
2013-05-29,29.7362,0.275903200892474
2013-05-30,30.1902,0.2953831631339569
2013-05-31,28.9297,0.24129837810006005
2013-06-03,29.3838,0.26078263108212474
2013-06-04,29.5668,0.26863468634686344
2013-06-05,29.1669,0.25147601476014747
2013-06-06,29.4787,0.2648545438942761
2013-06-07,29.8175,0.2793915729854972
2013-06-10,29.7633,0.27706599159014844
2013-06-11,29.5396,0.26746760490860716
2013-06-12,28.984,0.24362825023599075
2013-06-13,29.2415,0.2546769072341885
2013-06-14,29.2821,0.25641894791040926
2013-06-17,29.1466,0.25060499442203715
2013-06-18,29.5058,0.26601733459195054
2013-06-19,29.1669,0.25147601476014747
2013-06-20,27.8251,0.1939028576332274
2013-06-21,28.8823,0.23926456706427526
2013-06-24,28.3876,0.21803827340598977
2013-06-25,28.8891,0.23955633742383928
2013-06-26,29.3973,0.2613618810606711
2013-06-27,29.2279,0.25409336651506054
2013-06-28,28.0149,0.20204668325753022
2013-07-01,28.1979,0.20989873852226892
2013-07-02,28.6045,0.22734488972796707
2013-07-03,28.618,0.22792413970651323
2013-07-05,28.9501,0.24217368917875215
2013-07-08,29.6006,0.27008495666352006
2013-07-09,29.3567,0.2596198403844503
2013-07-10,29.7565,0.2767742212305843
2013-07-11,29.9395,0.284626276495323
2013-07-12,30.808,0.32189135844846817
2013-07-15,30.5139,0.3092722903973225
2013-07-16,29.96,0.28550587831459706
2013-07-17,30.0626,0.2899081781515489
2013-07-18,30.3088,0.3004719814640007
2013-07-19,30.4455,0.3063374238393546
2013-07-22,30.7533,0.31954432335021016
2013-07-23,30.3019,0.30017592036385476
2013-07-24,29.8437,0.2805157470179352
2013-07-25,30.254,0.29812065562516094
2013-07-26,30.6302,0.3142624216939843
2013-07-29,30.8148,0.3221831288080323
2013-07-30,30.5686,0.31161932549558047
2013-07-31,31.102,0.334506135759032
2013-08-01,30.9447,0.3277568008238222
2013-08-02,30.9926,0.329812065562516
2013-08-05,30.5755,0.31191538659572643
2013-08-06,30.6917,0.3169012271518064
2013-08-07,30.4797,0.3078048571183386
2013-08-08,30.8148,0.3221831288080323
2013-08-09,30.5755,0.31191538659572643
2013-08-12,30.8011,0.3215952973483223
2013-08-13,30.7259,0.31836866043079026
2013-08-14,30.4866,0.3081009182184844
2013-08-15,29.5497,0.2679009697073715
2013-08-16,29.4061,0.2617394662318715
2013-08-19,29.6591,0.2725950399038873
2013-08-20,29.3855,0.2608555736720158
2013-08-21,28.9342,0.24149146142624214
2013-08-22,29.3514,0.2593924311336137
2013-08-23,29.7001,0.2743542435424353
2013-08-26,29.7138,0.2749420750021453
2013-08-27,29.153,0.2508796018192739
2013-08-28,29.1052,0.24882862782116189
2013-08-29,29.1462,0.2505878314597099
2013-08-30,29.1394,0.25029606110014574
2013-09-03,29.1257,0.24970822964043582
2013-09-04,29.495,0.26555393460911353
2013-09-05,29.7548,0.2767012786406933
2013-09-06,30.0147,0.28785291341285507
2013-09-09,30.384,0.3036986183815326
2013-09-10,30.6233,0.3139663605938385
2013-09-11,30.7396,0.31895649189050024
2013-09-12,30.5686,0.31161932549558047
2013-09-13,30.6986,0.3171972882519522
2013-09-16,31.3346,0.3444863983523555
2013-09-17,32.5518,0.39671329271432243
2013-09-18,32.7707,0.40610572384793603
2013-09-19,32.4151,0.39084785033896857
2013-09-20,32.716,0.4037586887496782
2013-09-23,32.2099,0.3820432506650646
2013-09-24,31.444,0.3491804685488714
2013-09-25,30.9995,0.330108126662662
2013-09-26,30.7738,0.32042392516948426
2013-09-27,30.3156,0.3007637518235647
2013-09-30,30.5891,0.3124989273148544
2013-10-01,31.3209,0.3438985668926457
2013-10-02,31.4235,0.3483008667295975
2013-10-03,31.4645,0.3500600703681455
2013-10-04,32.0047,0.373238650991161
2013-10-07,31.5192,0.3524071054664035
2013-10-08,30.4455,0.3063374238393546
2013-10-09,30.6439,0.3148502531536942
2013-10-10,31.5124,0.35211533510683934
2013-10-11,31.4917,0.3512271518064018
2013-10-14,31.9608,0.37135501587574005
2013-10-15,31.7883,0.36395348837209296
2013-10-16,32.4643,0.3929588947052261
2013-10-17,33.2301,0.4258173860808375
2013-10-18,33.3405,0.4305543636831716
2013-10-21,33.3543,0.4311464858834635
2013-10-22,33.8027,0.4503861666523642
2013-10-23,33.3405,0.4305543636831716
2013-10-24,33.0645,0.41871191967733634
2013-10-25,34.0096,0.4592637089161588
2013-10-28,34.0924,0.4628164421179094
2013-10-29,34.3476,0.4737664120827254
2013-10-30,33.6647,0.4444649446494466
2013-10-31,33.4232,0.4341028061443405
2013-11-01,33.7751,0.4492019222517807
2013-11-04,33.6371,0.44328070024886274
2013-11-05,33.2301,0.4258173860808375
2013-11-06,33.1473,0.42226465287908693
2013-11-07,32.5885,0.39828799450785213
2013-11-08,33.1335,0.421672530678795
2013-11-11,33.506,0.4376555393460911
2013-11-12,32.7541,0.4053934609113533
2013-11-13,33.0093,0.4163434308761693
2013-11-14,33.1404,0.42196859177894097
2013-11-15,33.4163,0.43380674504419453
2013-11-18,33.713,0.4465373723504677
2013-11-19,33.4301,0.43439886724448645
2013-11-20,33.0783,0.419304041877628
2013-11-21,33.506,0.4376555393460911
2013-11-22,33.7613,0.44860980005148876
2013-11-25,33.3956,0.432918561743757
2013-11-26,33.5267,0.43854372264652863
2013-11-27,33.2853,0.42818587488200455
2013-11-29,33.4232,0.4341028061443405
2013-12-02,33.3818,0.43232643954346506
2013-12-03,34.4718,0.47909551188535143
2013-12-04,34.2649,0.4702179696215565
2013-12-05,34.3269,0.47287822878228786
2013-12-06,35.4238,0.5199433622243198
2013-12-09,35.3272,0.5157985068222773
2013-12-10,35.9688,0.5433278983952631
2013-12-11,36.3344,0.5590148459624131
2013-12-12,36.1412,0.5507251351583282
2013-12-13,36.1275,0.5501373036986182
2013-12-16,36.8173,0.5797348322320434
2013-12-17,36.9967,0.587432420835836
2013-12-18,37.4727,0.6078563460053206
2013-12-19,36.3068,0.5578306015618296
2013-12-20,36.2792,0.5566463571612461
2013-12-23,36.2723,0.5563502960611001
2013-12-24,36.1206,0.5498412425984726
2013-12-26,36.5552,0.5684888011670813
2013-12-27,36.2516,0.5554621127606626
2013-12-30,36.569,0.5690809233673733
2013-12-31,36.431,0.5631597013644554
2014-01-02,35.8584,0.5385909207929289
2014-01-03,36.0792,0.5480648759975971
2014-01-06,34.7615,0.49152578735089664
2014-01-07,34.8305,0.4944863983523556
2014-01-08,34.7409,0.49064189479104103
2014-01-09,35.3341,0.5160945679224234
2014-01-10,35.1134,0.5066249034583368
2014-01-13,34.6512,0.4867931004891445
2014-01-14,35.1866,0.5097657255642323
2014-01-15,34.8459,0.49514717240195655
2014-01-16,35.1171,0.5067836608598644
2014-01-17,34.8111,0.49365399467948173
2014-01-21,34.7694,0.49186475585686074
2014-01-22,34.1296,0.46441259761434833
2014-01-23,33.9836,0.4581481163648846
2014-01-24,33.2326,0.42592465459538303
2014-01-27,32.565,0.39727967047112317
2014-01-28,33.163,0.4229382991504332
2014-01-29,33.1074,0.42055264738693887
2014-01-30,33.5942,0.44143997253926026
2014-01-31,34.2339,0.468887840041191
2014-02-03,32.9266,0.4127949884150004
2014-02-04,33.3438,0.43069595812237194
2014-02-05,33.1909,0.42413541577276226
2014-02-06,33.3299,0.43009954518149834
2014-02-07,33.9975,0.4587445293057582
2014-02-10,34.4565,0.47843902857633214
2014-02-11,34.533,0.48172144512142795
2014-02-12,35.1588,0.5085728996824851
2014-02-13,35.0128,0.5023084184330214
2014-02-14,35.277,0.5136445550502017
2014-02-18,35.7847,0.5354286449841242
2014-02-19,35.5969,0.5273706341714578
2014-02-20,36.0628,0.547361194542178
2014-02-21,35.4926,0.5228953917446152
2014-02-24,35.3605,0.5172273234360251
2014-02-25,35.2701,0.5133484939500557
2014-02-26,35.284,0.5139449068909293
2014-02-27,35.4022,0.5190165622586458
2014-02-28,35.4022,0.5190165622586458
2014-03-03,34.832,0.49455075946108296
2014-03-04,35.8751,0.5393074744700936
2014-03-05,35.9515,0.5425856002746074
2014-03-06,36.188,0.5527332017506222
2014-03-07,35.7847,0.5354286449841242
2014-03-10,35.9237,0.54139277439286
2014-03-11,35.9863,0.5440787779970823
2014-03-12,35.9098,0.5407963614519864
2014-03-13,35.6873,0.5312494636574272
2014-03-14,35.6108,0.5279670471123314
2014-03-17,36.1463,0.5509439629280012
2014-03-18,36.9251,0.5843602505792499
2014-03-19,36.932,0.5846563116793959
2014-03-20,37.3284,0.6016648073457479
2014-03-21,37.1754,0.5950999742555566
2014-03-24,35.7151,0.5324422895391744
2014-03-25,35.9446,0.5422895391744615
2014-03-26,35.8125,0.5366214708658714
2014-03-27,35.9237,0.54139277439286
2014-03-28,35.4509,0.5211061529219941
2014-03-31,35.7429,0.5336351154209216
2014-04-01,36.2297,0.554522440573243
2014-04-02,37.092,0.5915214966103148
2014-04-03,37.2032,0.5962928001373038
2014-04-04,36.2992,0.5575045052776109
2014-04-07,35.2005,0.5103621385051058
2014-04-08,34.1435,0.4650090105552219
2014-04-09,35.2075,0.5106624903458338
2014-04-10,32.9266,0.4127949884150004
2014-04-11,32.5998,0.39877284819359826
2014-04-14,32.8594,0.4099116107440144
2014-04-15,33.5821,0.44092079292885933
2014-04-16,33.7646,0.4487513944906891
2014-04-17,34.0663,0.46169655882605326
2014-04-21,34.6838,0.488191881918819
2014-04-22,35.0907,0.5056509053462627
2014-04-23,35.1819,0.5095640607568865
2014-04-24,34.6066,0.4848794301896507
2014-04-25,34.4803,0.47946022483480644
2014-04-28,35.6942,0.5315455247575732
2014-04-29,36.045,0.5465974427186132
2014-04-30,36.5432,0.5679739122972624
2014-05-01,36.2134,0.5538230498584055
2014-05-02,35.9117,0.5408778855230414
2014-05-05,36.038,0.5462970908778854
2014-05-06,35.7222,0.532746932120484
2014-05-07,37.0414,0.5893503818759118
2014-05-08,36.5923,0.5700806659229383
2014-05-09,36.6695,0.5733931176521067
2014-05-12,36.7467,0.576705569381275
2014-05-13,36.6274,0.5715867158671587
2014-05-14,37.0975,0.591757487342315
2014-05-15,36.9712,0.5863382819874711
2014-05-16,37.1396,0.5935638891272633
2014-05-19,37.9676,0.6290912211447695
2014-05-20,37.5676,0.6119282588174718
2014-05-21,37.3782,0.6038015961554963
2014-05-22,37.6308,0.6146400068651849
2014-05-23,37.8553,0.6242727194713806
2014-05-27,37.8834,0.6254784175748734
2014-05-28,37.9395,0.627885523041277
2014-05-29,37.9115,0.6266841156783659
2014-05-30,38.122,0.6357161246031064
2014-06-02,37.9957,0.6302969192482621
2014-06-03,38.15,0.6369175319660172
2014-06-04,38.2974,0.6432420835836266
2014-06-05,38.8026,0.6649189050030033
2014-06-06,38.6622,0.6588947052261219
2014-06-09,37.7781,0.6209602677422124
2014-06-10,37.8694,0.6248777138934178
2014-06-11,38.0518,0.6327040247146657
2014-06-12,37.6518,0.615541062387368
2014-06-13,38.0027,0.6305972710889898
2014-06-16,37.8904,0.6257787694156011
2014-06-17,38.1009,0.6348107783403416
2014-06-18,38.2904,0.6429417317428987
2014-06-19,38.0237,0.6314983266111729
2014-06-20,37.3992,0.6047026516776796
2014-06-23,37.715,0.6182528104350812
2014-06-24,37.6027,0.6134343087616921
2014-06-25,38.5921,0.6558868960782631
2014-06-26,39.6516,0.7013472925426929
2014-06-27,39.8481,0.7097785977859778
2014-06-30,39.6025,0.699240538917017
2014-07-01,39.9182,0.7127864069338367
2014-07-02,40.7743,0.7495194370548355
2014-07-03,40.8515,0.7528318887840041
2014-07-07,40.2761,0.7281429674761863
2014-07-08,39.0762,0.676658371234875
2014-07-09,38.5991,0.6561872479189907
2014-07-10,39.1464,0.6796704711233158
2014-07-11,38.8587,0.6673260104694069
2014-07-14,38.7809,0.6639878142967477
2014-07-15,37.784,0.6212134214365398
2014-07-16,37.9325,0.627585171200549
2014-07-17,37.8406,0.6236419806058526
2014-07-18,38.8234,0.6658113790440229
2014-07-21,38.18,0.6382047541405645
2014-07-22,38.2153,0.6397193855659485
2014-07-23,38.5193,0.652763236934695
2014-07-24,38.2365,0.6406290225692953
2014-07-25,37.6002,0.6133270402471467
2014-07-28,37.9961,0.6303140822105894
2014-07-29,37.7769,0.6209087788552302
2014-07-30,38.0032,0.630618724791899
2014-07-31,37.0063,0.5878443319316915
2014-08-01,37.1053,0.5920921651076975
2014-08-04,37.678,0.6166652364198059
2014-08-05,37.3244,0.6014931777224747
2014-08-06,36.8012,0.5790440229983695
2014-08-07,37.0699,0.5905732429417315
2014-08-08,37.3457,0.6024071054664035
2014-08-11,37.6921,0.6172702308418434
2014-08-12,37.3598,0.6030120998884406
2014-08-13,37.8971,0.6260662490345834
2014-08-14,38.3143,0.643967218741955
2014-08-15,38.1093,0.6351712005492146
2014-08-18,38.3991,0.6476057667553418
2014-08-19,39.092,0.6773363082468032
2014-08-20,38.9294,0.6703595640607569
2014-08-21,38.8587,0.6673260104694069
2014-08-22,39.0284,0.6746073972367629
2014-08-25,39.5021,0.6949326353728652
2014-08-26,39.4173,0.6912940873594781
2014-08-27,39.3819,0.6897751651935125
2014-08-28,39.3112,0.6867416116021624
2014-08-29,39.085,0.6770359564060756
2014-09-02,38.9365,0.6706642066420665
2014-09-03,39.2476,0.684012700592122
2014-09-04,39.2688,0.6849223375954688
2014-09-05,39.5516,0.6970565519608684
2014-09-08,39.29,0.6858319745988156
2014-09-09,40.2657,0.7276967304556767
2014-09-10,40.4354,0.7349781172230326
2014-09-11,40.902,0.7549987127778254
2014-09-12,40.9233,0.7559126405217539
2014-09-15,40.9586,0.7574272719471379
2014-09-16,41.4323,0.7777525100832402
2014-09-17,42.1535,0.808697331159358
2014-09-18,42.0333,0.803539860980005
2014-09-19,41.7576,0.791710289195915
2014-09-22,41.5101,0.7810907062558997
2014-09-23,40.697,0.7462026945850855
2014-09-24,41.7505,0.7914056466146057
2014-09-25,41.0081,0.759551188535141
2014-09-26,41.8495,0.7956534797906117
2014-09-29,41.3758,0.7753282416545094
2014-09-30,40.8384,0.752269801767785
2014-10-01,40.4637,0.7361923968076891
2014-10-02,40.0677,0.7192010641036644
2014-10-03,41.496,0.7804857118338625
2014-10-06,40.8738,0.7537887239337511
2014-10-07,40.0536,0.7185960696816271
2014-10-08,41.2485,0.769866128893847
2014-10-09,40.1031,0.72071998626963
2014-10-10,39.1627,0.6803698618381533
2014-10-13,38.2009,0.6391015189221658
2014-10-14,38.5643,0.6546940701965159
2014-10-15,38.9205,0.6699776881489743
2014-10-16,37.688,0.6170943104779886
2014-10-17,38.0228,0.6314597099459365
2014-10-20,38.7638,0.6632540976572557
2014-10-21,40.1032,0.7207242770102119
2014-10-22,40.5377,0.7393675448382391
2014-10-23,42.4043,0.8194585085385736
2014-10-24,42.9529,0.8429975113704624
2014-10-27,43.0954,0.8491118166995621
2014-10-28,43.4089,0.862563288423582
2014-10-29,42.7321,0.8335235561657942
2014-10-30,43.587,0.8702050973998112
2014-10-31,45.2113,0.9398995966703853
2014-11-03,45.0617,0.9334806487599759
2014-11-04,44.6414,0.9154466660945677
2014-11-05,44.5559,0.911778082897108
2014-11-06,44.677,0.9169741697416973
2014-11-07,43.815,0.8799879859263707
2014-11-10,45.4464,0.9499871277782543
2014-11-11,45.4892,0.9518235647472751
2014-11-12,45.4251,0.9490732000343258
2014-11-13,45.3325,0.9450999742555566
2014-11-14,45.5961,0.9564103664292456
2014-11-17,46.337,0.9882004633999829
2014-11-18,47.0566,1.0190766326267915
2014-11-19,46.6647,1.0022612202866215
2014-11-20,46.4439,0.992787265081953
2014-11-21,47.9898,1.059117823736377
2014-11-24,48.2891,1.0719600102977773
2014-11-25,48.4886,1.080520037758517
2014-11-26,48.9445,1.1000815240710544
2014-11-28,49.3007,1.1153651420235131
2014-12-01,49.2366,1.112614777310564
2014-12-02,49.3506,1.1175062215738436
2014-12-03,48.802,1.0939672187419547
2014-12-04,49.5643,1.1266755341972026
2014-12-05,49.6641,1.130957693297863
2014-12-08,49.4575,1.122093023255814
2014-12-09,49.258,1.1135329957950744
2014-12-10,48.1466,1.0658457049686776
2014-12-11,47.7547,1.0490302926285076
2014-12-12,46.5009,0.9952329872135931
2014-12-15,46.7502,1.0059298034840813
2014-12-16,46.4866,0.9946194113103922
2014-12-17,47.427,1.034969535741869
2014-12-18,48.3888,1.0762378786578564
2014-12-19,48.2392,1.0698189307474468
2014-12-22,47.712,1.0471981464000688
2014-12-23,45.8454,0.9671071826997338
2014-12-24,47.1705,1.0239637861494892
2014-12-26,47.7191,1.047502788981378
2014-12-29,47.8331,1.052394233244658
2014-12-30,47.2347,1.0267184416030204
2014-12-31,46.622,1.0004290740581823
2015-01-02,46.9426,1.0141851883635113
2015-01-05,46.0591,0.9762764953230927
2015-01-06,45.8312,0.9664978975371149
2015-01-07,47.6835,1.0459752853342488
2015-01-08,48.1822,1.067373208615807
2015-01-09,46.8642,1.010821247747361
2015-01-12,46.8499,1.0102076718441602
2015-01-13,45.5106,0.9527417832317856
2015-01-14,45.7331,0.9622886810263451
2015-01-15,45.1516,0.9373380245430362
2015-01-16,46.3362,0.9881661374753281
2015-01-20,45.5536,0.9545868016819704
2015-01-21,45.0152,0.9314854543894275
2015-01-22,45.2162,0.9401098429588947
2015-01-23,44.8213,0.92316570840127
2015-01-26,45.1085,0.9354887153522697
2015-01-27,45.3024,0.9438084613404272
2015-01-28,44.4049,0.905299064618553
2015-01-29,45.3167,0.944422037243628
2015-01-30,43.328,0.859092079292886
2015-02-02,43.5793,0.8698747103750109
2015-02-03,44.2613,0.8991375611430531
2015-02-04,40.8583,0.753123659143568
2015-02-05,41.6337,0.7863940616150346
2015-02-06,40.8511,0.7528147258216769
2015-02-09,39.8316,0.7090706255899768
2015-02-10,40.8439,0.7525057924997853
2015-02-11,40.7003,0.7463442890242855
2015-02-12,40.9588,0.7574358534283016
2015-02-13,41.6767,0.788239080065219
2015-02-17,42.1578,0.8088818330043765
2015-02-18,42.5311,0.8248991675963272
2015-02-19,42.3588,0.8175062215738437
2015-02-20,44.0101,0.8883592208015103
2015-02-23,43.486,0.8658714494121683
2015-02-24,43.7013,0.8751094138848365
2015-02-25,43.5219,0.8674118252810435
2015-02-26,43.4501,0.8643310735432934
2015-02-27,43.4357,0.8637132068995107
2015-03-02,43.407,0.862481764352527
2015-03-03,42.8039,0.836604307903544
2015-03-04,43.2706,0.8566291941989187
2015-03-05,40.8224,0.7515832832746933
2015-03-06,39.9465,0.714000686518493
2015-03-09,39.8747,0.710919934780743
2015-03-10,40.0901,0.7201621899939928
2015-03-11,40.6501,0.7441903372522097
2015-03-12,41.6408,0.7866987041963441
2015-03-13,41.6408,0.7866987041963441
2015-03-16,42.4449,0.8212005492147942
2015-03-17,42.8829,0.8399939929631853
2015-03-18,42.9978,0.8449240538917016
2015-03-19,43.9311,0.884969535741869
2015-03-20,43.3639,0.8606324551617609
2015-03-23,43.4213,0.8630953402557282
2015-03-24,42.8111,0.8369132412254355
2015-03-25,41.7988,0.7934780743156268
2015-03-26,41.1167,0.7642109328070025
2015-03-27,41.3896,0.7759203638548013
2015-03-30,41.8131,0.7940916502188277
2015-03-31,42.0285,0.8033339054320775
2015-04-01,40.9947,0.7589762292971767
2015-04-02,40.9301,0.7562044108813182
2015-04-06,41.3608,0.7746846305672357
2015-04-07,41.9424,0.7996395777911266
2015-04-08,42.2224,0.811653651420235
2015-04-09,43.3065,0.8581695700677936
2015-04-10,44.5126,0.909920192225178
2015-04-13,44.3044,0.9009868703338196
2015-04-14,44.6809,0.9171415086243886
2015-04-15,44.9053,0.9267699304900023
2015-04-16,45.3107,0.9441645928087186
2015-04-17,45.0935,0.934845104264996
2015-04-20,45.9984,0.9736720157899251
2015-04-21,46.0491,0.9758474212649104
2015-04-22,46.7079,1.0041148202179697
2015-04-23,46.5124,0.9957264223805028
2015-04-24,47.8299,1.0522569295460396
2015-04-27,47.0698,1.019643010383592
2015-04-28,48.134,1.0653050716553676
2015-04-29,47.5114,1.038590920792929
2015-04-30,46.8092,1.0084613404273575
2015-05-01,46.5631,0.9979018278554878
2015-05-04,46.8237,1.0090834978117222
2015-05-05,46.2301,0.9836136617180125
2015-05-06,46.288,0.9860980005148886
2015-05-07,46.8382,1.0097056551960868
2015-05-08,47.2291,1.0264781601304385
2015-05-11,47.2001,1.0252338453617094
2015-05-12,46.9178,1.013121084699219
2015-05-13,47.2725,1.0283403415429502
2015-05-14,47.7576,1.0491547241053805
2015-05-15,47.772,1.049772590749163
2015-05-18,47.4969,1.0379687634085641
2015-05-19,47.5838,1.0416974169741695
2015-05-20,47.6996,1.0466660945679223
2015-05-21,47.5259,1.0392130781772932
2015-05-22,47.4028,1.0339311765210675
2015-05-26,47.8517,1.0531923109928774
2015-05-27,48.7783,1.0929503132240626
2015-05-28,48.8434,1.0957435853428301
2015-05-29,48.2064,1.0684115678366086
2015-06-01,48.4525,1.0789710804084784
2015-06-02,48.2281,1.0693426585428643
2015-06-03,48.5104,1.0814554192053547
2015-06-04,48.8072,1.0941903372522097
2015-06-05,48.7928,1.0935724706084269
2015-06-08,49.0751,1.1056852312709173
2015-06-09,48.9882,1.1019565777053117
2015-06-10,49.4009,1.1196644640865012
2015-06-11,49.2561,1.1134514717240196
2015-06-12,48.5394,1.0826997339740838
2015-06-15,48.438,1.078348923024114
2015-06-16,48.3367,1.0740024028147257
2015-06-17,49.0606,1.1050630738865528
2015-06-18,49.9366,1.1426499613833345
2015-06-19,50.2985,1.158178151548957
2015-06-22,50.7619,1.1780614434051315
2015-06-23,50.6895,1.174954947223891
2015-06-24,50.1103,1.1501029777739638
2015-06-25,50.5447,1.1687419548614089
2015-06-26,51.008,1.1886209559770016
2015-06-29,48.6335,1.0867373208615805
2015-06-30,48.6407,1.087046254183472
2015-07-01,49.5963,1.128048571183386
2015-07-02,49.3792,1.1187333733802451
2015-07-06,49.3864,1.119042306702137
2015-07-07,49.6325,1.1296018192740067
2015-07-08,48.981,1.1016476443834207
2015-07-09,49.2054,1.1112760662490344
2015-07-10,50.1176,1.150416201836437
2015-07-13,50.7329,1.1768171286364026
2015-07-14,50.9006,1.184012700592122
2015-07-15,50.8642,1.1824508710203379
2015-07-16,51.0392,1.1899596670385308
2015-07-17,51.0392,1.1899596670385308
2015-07-20,51.6299,1.2153050716553675
2015-07-21,51.4403,1.2071698275122285
2015-07-22,51.4548,1.207791984896593
2015-07-23,51.4257,1.2065433793872822
2015-07-24,49.6463,1.1301939414742983
2015-07-27,50.5652,1.169621556680683
2015-07-28,51.9434,1.228756543379387
2015-07-29,51.608,1.214365399467948
2015-07-30,51.1631,1.1952758946194113
2015-07-31,51.0538,1.1905861151634773
2015-08-03,50.8496,1.1818244228953918
2015-08-04,51.01,1.1887067707886378
2015-08-05,51.2652,1.199656740753454
2015-08-06,50.4923,1.166493606796533
2015-08-07,50.0401,1.147090877885523
2015-08-10,50.4704,1.1655539346091133
2015-08-11,49.7703,1.1355144597957607
2015-08-12,50.1349,1.1511584999570925
2015-08-13,49.9818,1.1445893761263193
2015-08-14,50.062,1.1480305500729424
2015-08-17,50.5871,1.1705612288681024
2015-08-18,50.2151,1.1545996739037157
2015-08-19,50.0182,1.1461512056981034
2015-08-20,49.2088,1.1114219514288164
2015-08-21,48.0566,1.0619840384450356
2015-08-24,46.27,0.9853256672101606
2015-08-25,44.2719,0.8995923796447267
2015-08-26,46.0439,0.9756243027546554
2015-08-27,47.043,1.0184930919076631
2015-08-28,46.6565,1.0019093795589118
2015-08-31,45.5116,0.9527846906376041
2015-09-01,44.1187,0.8930189650733714
2015-09-02,44.4688,0.908040847850339
2015-09-03,44.9063,0.9268128378958208
2015-09-04,43.5864,0.8701793529563201
2015-09-08,44.1698,0.8952115335106839
2015-09-09,43.2145,0.8542220887325152
2015-09-10,43.4478,0.8642323865099115
2015-09-11,43.2801,0.8570368145541919
2015-09-14,42.9811,0.8442075002145368
2015-09-15,43.1707,0.8523427443576759
2015-09-16,43.3968,0.862044108813181
2015-09-17,43.652,0.8729940787779971
2015-09-18,44.6438,0.9155496438685315
2015-09-21,43.3093,0.8582897108040847
2015-09-22,42.106,0.8066592293829915
2015-09-23,41.88,0.7969621556680684
2015-09-24,41.2528,0.7700506307388655
2015-09-25,40.6476,0.7440830687376639
2015-09-28,38.2849,0.6427057410108984
2015-09-29,38.4963,0.6517763666008751
2015-09-30,39.6777,0.702467175834549
2015-10-01,40.2027,0.7249935638891272
2015-10-02,40.7059,0.7465845704968677
2015-10-05,41.3331,0.7734960954260706
2015-10-06,40.1663,0.7234317343173431
2015-10-07,40.5674,0.7406418947910408
2015-10-08,40.8663,0.7534669183901141
2015-10-09,40.5747,0.7409551188535141
2015-10-12,40.6695,0.7450227409250836
2015-10-13,39.6048,0.6993392259503989
2015-10-14,39.7078,0.7037586887496781
2015-10-15,41.3274,0.7732515232129064
2015-10-16,41.6145,0.7855702394233244
2015-10-19,41.3421,0.7738822620784348
2015-10-20,40.363,0.7318716210417917
2015-10-21,39.6269,0.7002874796189821
2015-10-22,35.5339,0.5246674676049087
2015-10-23,37.0577,0.590049772590749
2015-10-26,38.184,0.6383763837638374
2015-10-27,38.7067,0.6608040847850337
2015-10-28,39.2072,0.6822792413970651
2015-10-29,39.8256,0.7088131811550673
2015-10-30,43.8376,0.8809576932978632
2015-11-02,46.6571,1.0019351240024028
2015-11-03,45.9577,0.9719256843731229
2015-11-04,46.9662,1.015197803140822
2015-11-05,46.208,0.9826654080494291
2015-11-06,47.2092,1.0256243027546554
2015-11-09,46.5466,0.9971938556594867
2015-11-10,45.862,0.9678194456363168
2015-11-11,44.802,0.9223375954689779
2015-11-12,44.3382,0.9024371406504762
2015-11-13,44.0658,0.8907491633055866
2015-11-16,44.1762,0.8954861409079207
2015-11-17,44.4486,0.9071741182528104
2015-11-18,44.8977,0.9264438342057839
2015-11-19,44.5738,0.9125461254612545
2015-11-20,44.986,0.9302325581395346
2015-11-23,45.0155,0.9314983266111732
2015-11-24,45.0007,0.9308632970050631
2015-11-25,44.3824,0.9043336479876425
2015-11-27,44.1689,0.8951729168454475
2015-11-30,42.807,0.8367373208615807
2015-12-01,43.4475,0.864219514288166
2015-12-02,42.4905,0.8231571269201062
2015-12-03,41.3126,0.7726164936067966
2015-12-04,42.0929,0.8060971423667724
2015-12-07,41.4231,0.7773577619497124
2015-12-08,41.7175,0.7899897022226036
2015-12-09,41.2464,0.7697760233416288
2015-12-10,41.0623,0.7618767699304899
2015-12-11,39.7814,0.7069166738179008
2015-12-14,40.8121,0.7511413369947653
2015-12-15,41.5114,0.7811464858834635
2015-12-16,42.4242,0.8203123659143567
2015-12-17,41.504,0.7808289710804083
2015-12-18,41.0329,0.7606152921994335
2015-12-21,41.3715,0.7751437398094909
2015-12-22,42.3948,0.8190508881833002
2015-12-23,43.1236,0.8503218055436369
2015-12-24,43.0352,0.8465287908693041
2015-12-28,43.2487,0.8556895220114991
2015-12-29,43.764,0.8777997082296405
2015-12-30,44.0217,0.8888569467090021
2015-12-31,43.6094,0.8711662232901398
2016-01-04,42.4095,0.8196816270488286
2016-01-05,42.2328,0.8120998884407447
2016-01-06,42.2402,0.8124174032437999
2016-01-07,42.115,0.8070453960353557
2016-01-08,40.9666,0.757770531193684
2016-01-11,39.6637,0.7018664721530935
2016-01-12,40.3704,0.7321891358448466
2016-01-13,38.0957,0.6345876598300867
2016-01-14,40.6116,0.7425384021282074
2016-01-15,42.6808,0.8313224062473181
2016-01-19,40.9316,0.7562687719900455
2016-01-20,42.5394,0.8252552990646185
2016-01-21,43.4401,0.8639019994851111
2016-01-22,43.7899,0.878911010040333
2016-01-25,43.6559,0.8731614176606882
2016-01-26,43.3656,0.8607053977516519
2016-01-27,42.5096,0.8239766583712348
2016-01-28,41.5718,0.7837380931948855
2016-01-29,40.8646,0.7533939758002232
2016-02-01,40.485,0.7371063245516175
2016-02-02,40.1575,0.7230541491461425
2016-02-03,42.3087,0.8153565605423496
2016-02-04,42.2491,0.8127992791555821
2016-02-05,39.5397,0.6965459538316314
2016-02-08,39.3685,0.6892002059555478
2016-02-09,39.8077,0.7080451385909206
2016-02-10,39.242,0.6837724191195399
2016-02-11,38.84,0.666523641980606
2016-02-12,39.1378,0.6793014674332789
2016-02-16,39.83,0.7090019737406675
2016-02-17,40.9465,0.7569080923367373
2016-02-18,40.6041,0.7422165965845705
2016-02-19,40.4106,0.7339140135587403
2016-02-22,41.1475,0.7655324809062044
2016-02-23,40.9912,0.7588260533768127
2016-02-24,40.8572,0.753076460997168
2016-02-25,41.8323,0.7949154724105378
2016-02-26,41.6834,0.7885265596842014
2016-02-29,40.6488,0.744134557624646
2016-03-01,41.9365,0.7993864240967992
2016-03-02,41.4601,0.7789453359649874
2016-03-03,41.6313,0.786291083841071
2016-03-04,41.7951,0.7933193169140992
2016-03-07,41.9812,0.8013043851368746
2016-03-08,41.1773,0.7668111215995881
2016-03-09,41.9737,0.8009825795932377
2016-03-10,41.8546,0.7958723075602847
2016-03-11,42.9711,0.8437784261563545
2016-03-14,42.5841,0.8271732601046939
2016-03-15,41.4006,0.7763923453188019
2016-03-16,41.9142,0.7984295889470522
2016-03-17,41.1773,0.7668111215995881
2016-03-18,42.1077,0.8067321719728825
2016-03-21,41.6909,0.7888483652278382
2016-03-22,42.7999,0.8364326782802711
2016-03-23,41.9514,0.8000257444434908
2016-03-24,41.7727,0.7923581910237707
2016-03-28,41.7653,0.7920406762207157
2016-03-29,42.465,0.8220629880717413
2016-03-30,42.4278,0.8204668325753023
2016-03-31,42.5171,0.8242984639148716
2016-04-01,42.7404,0.8338796876340856
2016-04-04,44.0728,0.8910495151463143
2016-04-05,43.5741,0.8696515918647558
2016-04-06,44.5789,0.9127649532309274
2016-04-07,44.1398,0.8939243113361366
2016-04-08,43.522,0.8674161160216252
2016-04-11,43.5443,0.8683729511713721
2016-04-12,44.5789,0.9127649532309274
2016-04-13,44.3854,0.9044623702050972
2016-04-14,44.5507,0.911554964386853
2016-04-15,44.7236,0.9189736548528274
2016-04-18,45.0016,0.9309019136702995
2016-04-19,45.2196,0.9402557281386766
2016-04-20,45.4526,0.9502531536943274
2016-04-21,46.1214,0.9789496267055694
2016-04-22,46.159,0.9805629451643353
2016-04-25,45.8208,0.9660516605166051
2016-04-26,45.7908,0.9647644383420576
2016-04-27,45.6179,0.9573457478760833
2016-04-28,45.9937,0.9734703509825794
2016-04-29,45.8434,0.9670213678880976
2016-05-02,46.174,0.9812065562516089
2016-05-03,46.422,0.9918475928945334
2016-05-04,46.1891,0.9818544580794646
2016-05-05,46.8504,1.0102291255470695
2016-05-06,46.9782,1.015712692010641
2016-05-09,47.8725,1.0540847850338968
2016-05-10,47.9026,1.055376297949026
2016-05-11,47.121,1.0218398695614863
2016-05-12,46.9631,1.0150647901827854
2016-05-13,46.5949,0.999266283360508
2016-05-16,46.9331,1.0137775680082384
2016-05-17,45.2797,0.9428344632283531
2016-05-18,45.4375,0.949605251866472
2016-05-19,44.5507,0.911554964386853
2016-05-20,44.8589,0.9247790268600359
2016-05-23,44.5658,0.9122028662147087
2016-05-24,45.6179,0.9573457478760833
2016-05-25,46.0087,0.9741139620698531
2016-05-26,46.5197,0.9960396464429759
2016-05-27,47.1285,1.0221616751051232
2016-05-31,47.2938,1.0292542692868787
2016-06-01,47.2187,1.0260319231099286
2016-06-02,48.9171,1.0989058611516347
2016-06-03,48.8495,1.0960053205183213
2016-06-06,47.2111,1.0257058268257102
2016-06-07,47.4216,1.0347378357504504
2016-06-08,46.392,0.9905603707199864
2016-06-09,45.6555,0.9589590663348495
2016-06-10,45.8434,0.9670213678880976
2016-06-13,45.0392,0.9325152321290654
2016-06-14,45.0167,0.931549815498155
2016-06-15,45.3924,0.9476701278640693
2016-06-16,45.7682,0.9637947309705654
2016-06-17,45.0993,0.9350939672187418
2016-06-20,45.1745,0.9383206041362739
2016-06-21,45.0768,0.9341285505878313
2016-06-22,45.3849,0.9473483223204325
2016-06-23,46.0763,0.9770145027031666
2016-06-24,44.9866,0.9302583025830259
2016-06-27,44.0998,0.8922080151034069
2016-06-28,45.0843,0.9344503561314682
2016-06-29,46.4521,0.9931391058096627
2016-06-30,46.5273,0.9963657427271945
2016-07-01,47.1285,1.0221616751051232
2016-07-05,46.5348,0.9966875482708314
2016-07-06,47.6245,1.0434437483909722
2016-07-07,47.6696,1.0453788723933752
2016-07-08,48.2182,1.068917875225264
2016-07-11,48.361,1.0750450527761088
2016-07-12,49.2253,1.1121299236248174
2016-07-13,49.105,1.1069681627048826
2016-07-14,48.2331,1.0695571955719556
2016-07-15,48.0057,1.0598000514888868
2016-07-18,48.1877,1.0676091993478074
2016-07-19,48.0057,1.0598000514888868
2016-07-20,48.0739,1.0627263365656912
2016-07-21,48.4378,1.0783403415429504
2016-07-22,48.3772,1.0757401527503647
2016-07-25,48.7638,1.092328155839698
2016-07-26,48.8624,1.0965588260533767
2016-07-27,49.2036,1.1111988329185618
2016-07-28,49.0671,1.1053419720243716
2016-07-29,50.2119,1.1544623702050973
2016-08-01,50.7502,1.1775594267570582
2016-08-02,50.6289,1.1723547584313052
2016-08-03,50.4697,1.1655238994250408
2016-08-04,50.1133,1.1502316999914186
2016-08-05,50.4469,1.1645456105723846
2016-08-08,50.2953,1.1580408478503388
2016-08-09,50.6137,1.171702565862868
2016-08-10,50.3635,1.1609671329271432
2016-08-11,50.7578,1.177885523041277
2016-08-12,50.9397,1.1856903801596155
2016-08-15,51.0913,1.192195142881661
2016-08-16,50.5986,1.1710546640350123
2016-08-17,50.6668,1.1739809491118167
2016-08-18,50.6213,1.1720286621470863
2016-08-19,50.8715,1.182764095082811
2016-08-22,50.8032,1.179833519265425
2016-08-23,50.1664,1.1525100832403674
2016-08-24,49.3249,1.1164035012443148
2016-08-25,49.0671,1.1053419720243716
2016-08-26,48.9837,1.1017634943791297
2016-08-29,48.9079,1.0985111130181067
2016-08-30,48.6425,1.0871234875139448
2016-08-31,48.5971,1.0851754912897964
2016-09-01,48.544,1.0828971080408476
2016-09-02,48.6122,1.0858233931176522
2016-09-06,48.9837,1.1017634943791297
2016-09-07,49.2566,1.1134729254269287
2016-09-08,48.5667,1.0838711061529218
2016-09-09,48.036,1.0611001458851799
2016-09-12,48.5819,1.084523298721359
2016-09-13,48.0209,1.060452244057324
2016-09-14,48.0209,1.060452244057324
2016-09-15,48.0284,1.060774049600961
2016-09-16,47.9678,1.0581738608083753
2016-09-19,47.6949,1.0464644297605765
2016-09-20,47.9754,1.0584999570925941
2016-09-21,48.5971,1.0851754912897964
2016-09-22,49.34,1.1170514030721703
2016-09-23,49.2642,1.1137990217111473
2016-09-26,48.5743,1.0841972024371407
2016-09-27,48.9534,1.100463399982837
2016-09-28,48.688,1.089075774478675
2016-09-29,47.6266,1.0435338539431906
2016-09-30,47.8162,1.0516690980863297
2016-10-03,47.9375,1.0568737664120826
2016-10-04,47.7631,1.049390714837381
2016-10-05,48.0588,1.0620784347378356
2016-10-06,47.6342,1.043859950227409
2016-10-07,47.71,1.047112331588432
2016-10-10,47.9981,1.0594739552046684
2016-10-11,47.3006,1.029546039646443
2016-10-12,46.8382,1.0097056551960868
2016-10-13,46.7922,1.0077319145284476
2016-10-14,46.0423,0.975555650905346
2016-10-17,46.0194,0.9745730713121082
2016-10-18,47.0983,1.020865871449412
2016-10-19,47.0065,1.0169269715952973
2016-10-20,47.259,1.027761091564404
2016-10-21,46.6622,1.0021539517720757
2016-10-24,46.7693,1.0067493349352097
2016-10-25,47.0983,1.020865871449412
2016-10-26,46.6928,1.003466918390114
2016-10-27,47.0295,1.017913841929117
2016-10-28,44.0758,0.891178237363769
2016-10-31,42.6831,0.8314210932807004
2016-11-01,43.1958,0.8534197202437139
2016-11-02,43.456,0.8645842272376213
2016-11-03,42.7673,0.8350338968505963
2016-11-04,42.882,0.8399553762979488
2016-11-07,45.0782,0.934188620955977
2016-11-08,45.0017,0.9309062044108812
2016-11-09,47.9324,1.0566549386424096
2016-11-10,48.9731,1.1013086758774564
2016-11-11,48.2844,1.0717583454904316
2016-11-14,48.1849,1.0674890586115162
2016-11-15,48.1084,1.0642066420664207
2016-11-16,47.0907,1.0205397751651935
2016-11-17,47.2131,1.0257916416373465
2016-11-18,46.3102,0.9870505449240539
2016-11-21,46.2336,0.9837638376383764
2016-11-22,45.0935,0.934845104264996
2016-11-23,46.05,0.9758860379301465
2016-11-25,46.3025,0.9867201578992534
2016-11-28,45.499,0.9522440573242942
2016-11-29,47.1289,1.0221788380674504
2016-11-30,46.5244,0.9962413112503217
2016-12-01,45.2695,0.942396807689007
2016-12-02,45.4761,0.9512614777310564
2016-12-05,46.5703,0.9982107611773793
2016-12-06,47.1519,1.02316570840127
2016-12-07,45.9046,0.9696473011241741
2016-12-08,46.6009,0.9995237277954175
2016-12-09,47.0907,1.0205397751651935
2016-12-12,47.4733,1.0369561486312537
2016-12-13,47.435,1.035312794988415
2016-12-14,47.1901,1.0248047713035269
2016-12-15,47.458,1.0362996653222345
2016-12-16,47.611,1.0428644984124258
2016-12-19,47.611,1.0428644984124258
2016-12-20,47.5651,1.0408950484853685
2016-12-21,47.0218,1.0175834549043163
2016-12-22,47.1825,1.0244786750193082
2016-12-23,47.7028,1.0468033982665408
2016-12-27,47.8253,1.0520595554792755
2016-12-28,47.6493,1.0445078520552644
2016-12-29,48.0013,1.0596112589032867
2016-12-30,47.9171,1.0559984553333903
2017-01-03,47.7564,1.0491032352183987
2017-01-04,48.4298,1.0779970822964042
2017-01-05,48.7971,1.0937569724534455
2017-01-06,48.8124,1.0944134557624643
2017-01-09,49.1338,1.1082038959924483
2017-01-10,49.0266,1.1036042220887325
2017-01-11,47.2743,1.028417574873423
2017-01-12,47.3826,1.0330644469235388
2017-01-13,47.9316,1.056620612717755
2017-01-17,47.831,1.0523041276924399
2017-01-18,47.6764,1.0456706427529392
2017-01-19,47.4599,1.036381189393289
2017-01-20,47.2821,1.0287522526388053
2017-01-23,47.1351,1.0224448639835235
2017-01-24,46.8413,1.0098386681541232
2017-01-25,47.4599,1.036381189393289
2017-01-26,47.3748,1.0327297691581567
2017-01-27,46.3929,0.9905989873852225
2017-01-30,46.7253,1.004861409079207
2017-01-31,47.2511,1.02742212305844
2017-02-01,47.081,1.0201235733287566
2017-02-02,47.081,1.0201235733287566
2017-02-03,46.9109,1.012825023599073
2017-02-06,46.8954,1.0121599588088905
2017-02-07,46.8259,1.0091778941045222
2017-02-08,46.7949,1.0078477645241568
2017-02-09,47.0424,1.0184673474641723
2017-02-10,46.7176,1.0045310220544064
2017-02-13,46.7872,1.0075173774993562
2017-02-14,47.0269,1.0178022826739894
2017-02-15,47.6687,1.0453402557281386
2017-02-16,47.5372,1.0396979318630395
2017-02-17,47.7614,1.04931777224749
2017-02-21,47.8078,1.0513086758774564
2017-02-22,47.4444,1.0357161246031066
2017-02-23,47.8929,1.054960096112589
2017-02-24,48.0089,1.059937355187505
2017-02-27,48.1094,1.0642495494722388
2017-02-28,47.8156,1.051643353642839
2017-03-01,48.5811,1.0844889727967046
2017-03-02,48.9058,1.0984210074658884
2017-03-03,48.9754,1.1014073629108383
2017-03-06,49.1378,1.108375525615721
2017-03-07,49.246,1.1130181069252554
2017-03-08,49.594,1.1279498841500042
2017-03-09,49.8723,1.1398910151892216
2017-03-10,50.9394,1.1856775079378699
2017-03-13,50.9162,1.1846820561228868
2017-03-14,50.777,1.178709345232987
2017-03-15,51.4574,1.2079035441517205
2017-03-16,50.9548,1.1863382819874708
2017-03-17,50.7924,1.179370119282588
2017-03-20,50.8775,1.1830215395177206
2017-03-21,50.5296,1.1680940530335535
2017-03-22,50.661,1.173732086158071
2017-03-23,50.7615,1.1780442804428042
2017-03-24,50.7383,1.1770488286278211
2017-03-27,51.1095,1.1929760576675532
2017-03-28,51.0167,1.1889942504076203
2017-03-29,50.8543,1.1820260877027375
2017-03-30,50.6146,1.1717411825281043
2017-03-31,50.3826,1.1617866643782715
2017-04-03,50.2821,1.157474470093538
2017-04-04,50.344,1.1601304385136875
2017-04-05,50.228,1.155153179438771
2017-04-06,50.3208,1.159134986698704
2017-04-07,50.6765,1.1743971509482534
2017-04-10,50.2357,1.1554835664635716
2017-04-11,50.1198,1.150510598129237
2017-04-12,50.2681,1.1568737664120825
2017-04-13,50.0807,1.1488329185617436
2017-04-17,50.2213,1.1548656998197888
2017-04-18,49.7059,1.1327512228610657
2017-04-19,49.5497,1.126049086072256
2017-04-20,49.8074,1.1371063245516175
2017-04-21,49.8386,1.1384450356131468
2017-04-24,50.4946,1.166592293829915
2017-04-25,50.8382,1.1813352784690636
2017-04-26,50.7913,1.179322921136188
2017-04-27,51.5957,1.2138376383763838
2017-04-28,51.4942,1.209482536685832
2017-05-01,51.9159,1.2275765897193855
2017-05-02,52.033,1.2326010469407018
2017-05-03,52.1189,1.2362867931004888
2017-05-04,52.5016,1.2527074573071313
2017-05-05,52.3141,1.2446623187162105
2017-05-08,51.705,1.2185274178323178
2017-05-09,51.6738,1.2171887067707885
2017-05-10,51.5254,1.210821247747361
2017-05-11,50.9944,1.1880374152578734
2017-05-12,51.5879,1.2135029606110013
2017-05-15,52.0643,1.233944048742813
2017-05-16,52.2048,1.2399725392602763
2017-05-17,51.0491,1.1903844503561316
2017-05-18,51.2521,1.199094653737235
2017-05-19,51.213,1.1974169741697416
2017-05-22,51.1037,1.1927271947138076
2017-05-23,51.4161,1.206131468291427
2017-05-24,51.4864,1.2091478589204496
2017-05-25,51.7909,1.222213163992105
2017-05-26,51.5879,1.2135029606110013
2017-05-30,51.5567,1.2121642495494722
2017-05-31,51.5567,1.2121642495494722
2017-06-01,52.0955,1.235282759804342
2017-06-02,52.5172,1.253376812837896
2017-06-05,52.7202,1.2620870162189992
2017-06-06,53.0014,1.2741525787350894
2017-06-07,53.6886,1.303638548013387
2017-06-08,53.6964,1.3039732257787693
2017-06-09,54.407,1.3344632283532136
2017-06-12,54.2977,1.3297734488972794
2017-06-13,54.407,1.3344632283532136
2017-06-14,55.0708,1.362945164335364
2017-06-15,55.1333,1.3656268771990043
2017-06-16,55.4847,1.3807045396035351
2017-06-19,55.7112,1.3904230670213675
2017-06-20,55.6175,1.3864026430961982
2017-06-21,55.7112,1.3904230670213675
2017-06-22,57.1481,1.452076718441603
2017-06-23,56.7264,1.4339826654080494
2017-06-26,56.8045,1.4373337338024539
2017-06-27,56.5311,1.4256028490517463
2017-06-28,56.945,1.4433622243199173
2017-06-29,56.6014,1.4286192396807689
2017-06-30,56.6249,1.4296275637174976
2017-07-03,56.5546,1.4266111730884747
2017-07-05,56.6014,1.4286192396807689
2017-07-06,56.0157,1.4034883720930231
2017-07-07,56.25,1.4135415772762379
2017-07-10,56.0938,1.4068394404874283
2017-07-11,56.1016,1.4071741182528101
2017-07-12,56.6327,1.42996224148288
2017-07-13,57.2236,1.4553162275808802
2017-07-14,57.6018,1.4715438084613404
2017-07-17,57.2787,1.4576804256414657
2017-07-18,56.9084,1.44179181326697
2017-07-19,57.3339,1.4600489144426327
2017-07-20,58.3108,1.5019651591864756
2017-07-21,58.7993,1.522925426928688
2017-07-24,58.2321,1.4985883463485798
2017-07-25,57.1369,1.4515961554964387
2017-07-26,57.1921,1.4539646442976057
2017-07-27,56.5145,1.4248905861151635
2017-07-28,55.4981,1.3812794988414998
2017-07-31,55.0805,1.3633613661718011
2017-08-01,55.4508,1.3792499785462973
2017-08-02,55.7108,1.3904059040590402
2017-08-03,55.9315,1.3998755685231272
2017-08-04,55.9315,1.3998755685231272
2017-08-07,56.1127,1.4076503904573925
2017-08-08,56.3096,1.4160988586630054
2017-08-09,56.743,1.4346949283446322
2017-08-10,55.4981,1.3812794988414998
2017-08-11,55.6478,1.3877027374924908
2017-08-14,55.7975,1.3941259761434823
2017-08-15,55.4193,1.3778983952630222
2017-08-16,55.4824,1.3806058525701537
2017-08-17,55.0333,1.36133613661718
2017-08-18,55.1199,1.36505191796104
2017-08-21,55.703,1.3900712262936585
2017-08-22,56.5302,1.4255642323865096
2017-08-23,56.349,1.4177894104522437
2017-08-24,56.8139,1.4377370634171454
2017-08-25,57.1054,1.4502445722131643
2017-08-28,57.7672,1.4786406933836782
2017-08-29,58.2163,1.497910409336651
2017-08-30,58.2399,1.4989230241139617
2017-08-31,59.3272,1.5455762464601386
2017-09-01,59.4218,1.5496352870505445
2017-09-05,59.2878,1.5438856946708999
2017-09-06,60.706,1.6047369776023344
2017-09-07,64.4327,1.7646400068651849
2017-09-08,67.2375,1.8849866987041963
2017-09-11,68.5454,1.941105294773878
2017-09-12,69.1363,1.9664592808718788
2017-09-13,69.7036,1.9908006521925683
2017-09-14,70.2945,2.016154638290569
2017-09-15,68.8369,1.9536128035698963
2017-09-18,67.2217,1.884308761692268
2017-09-19,68.049,1.919806058525702
2017-09-20,68.8684,1.9549643868531705
2017-09-21,68.8684,1.9549643868531705
2017-09-22,68.9236,1.9573328756543378
2017-09-25,68.2066,1.9265682656826566
2017-09-26,67.2454,1.8853256672101606
2017-09-27,66.7727,1.8650433364798764
2017-09-28,70.0896,2.007362910838411
2017-09-29,70.0108,2.003981807259933
2017-10-02,71.2163,2.055706684973827
2017-10-03,70.6726,2.032377928430447
2017-10-04,70.8302,2.039140135587403
2017-10-05,71.0508,2.048605509310907
2017-10-06,71.2951,2.0590877885523042
2017-10-09,71.5236,2.068892130781773
2017-10-10,71.8308,2.0820732858491375
2017-10-11,72.7842,2.1229812065562514
2017-10-12,72.532,2.11215995880889
2017-10-13,71.937,2.086630052347035
2017-10-16,72.2305,2.09922337595469
2017-10-17,73.1271,2.1376941560113276
2017-10-18,76.1975,2.269437054835665
2017-10-19,76.5466,2.2844160302068137
2017-10-20,76.2451,2.271479447352613
2017-10-23,74.9836,2.217351754912898
2017-10-24,72.7463,2.1213550158757406
2017-10-25,72.8177,2.124418604651163
2017-10-26,71.0563,2.048841500042907
2017-10-27,72.9367,2.129524585943534
2017-10-30,72.1671,2.096503046425813
2017-10-31,71.6038,2.0723333047283963
2017-11-01,73.3413,2.1468849223375956
2017-11-02,72.2147,2.0985454389427614
2017-11-03,73.2382,2.142461168797735
2017-11-06,73.7539,2.164588517978203
2017-11-07,74.5473,2.198631253754398
2017-11-08,75.9357,2.258203895992448
2017-11-09,76.0785,2.264331073543294
2017-11-10,75.7135,2.248669870419634
2017-11-13,75.4676,2.2381189393289285
2017-11-14,75.174,2.2255213249806918
2017-11-15,74.3886,2.1918218484510423
2017-11-16,74.9519,2.2159915901484593
2017-11-17,74.2696,2.1867158671586715
2017-11-20,74.2616,2.1863726079121255
2017-11-21,75.1185,2.223139963957779
2017-11-22,74.9519,2.2159915901484593
2017-11-24,75.1502,2.2245001287222173
2017-11-27,75.7056,2.2483309019136706
2017-11-28,75.7056,2.2483309019136706
2017-11-29,76.023,2.261949712520381
2017-11-30,76.8957,2.299395005577963
2017-12-01,76.4197,2.278971080408479
2017-12-04,75.5469,2.2415214966103147
2017-12-05,75.6977,2.247991933407706
2017-12-06,74.8964,2.213610229125547
2017-12-07,74.7694,2.2081609885866302
2017-12-08,76.1261,2.2663734660602417
2017-12-11,76.5387,2.2840770617008497
2017-12-12,76.4038,2.278288852655969
2017-12-13,77.2369,2.314035012443148
2017-12-14,76.4038,2.278288852655969
2017-12-15,77.3162,2.317437569724534
2017-12-18,77.9033,2.3426285076804256
2017-12-19,77.6891,2.3334377413541576
2017-12-20,77.2845,2.316077404960096
2017-12-21,77.6812,2.333098772848194
2017-12-22,77.9192,2.343310735432936
2017-12-26,77.5542,2.3276495323092763
2017-12-27,77.824,2.339225950399039
2017-12-28,77.586,2.329013987814297
2017-12-29,76.7291,2.292246631768643
2018-01-02,78.0779,2.350120140736291
2018-01-03,79.2997,2.402544409165022
2018-01-04,78.8475,2.3831416802540115
2018-01-05,80.22,2.442032094739552
2018-01-08,78.9347,2.386883206041363
2018-01-09,79.5298,2.4124174032437997
2018-01-10,79.0934,2.393692611344718
2018-01-11,79.3235,2.4035656054234957
2018-01-12,80.1785,2.440251437398095
2018-01-16,81.8965,2.5139663605938387
2018-01-17,83.3907,2.578078606367459
2018-01-18,82.9513,2.5592250922509225
2018-01-19,83.6145,2.5876812837895824
2018-01-22,85.0928,2.651111301810692
2018-01-23,84.2058,2.61305243284991
2018-01-24,84.3097,2.6175105123144258
2018-01-25,86.5391,2.7131682828456194
2018-01-26,98.4532,3.2243714065047624
2018-01-29,97.734,3.193512400240281
2018-01-30,92.596,2.973054149146143
2018-01-31,89.6714,2.847567150090106
2018-02-01,92.9636,2.9888269115249293
2018-02-02,92.0287,2.9487127778254525
2018-02-05,87.5059,2.7546511627906973
2018-02-06,88.8564,2.812597614348236
2018-02-07,90.7901,2.895567664978975
2018-02-08,86.6829,2.719338367802283
2018-02-09,88.9363,2.8160259160731145
2018-02-12,89.4397,2.8376255041620184
2018-02-13,89.3838,2.8352269801767784
2018-02-14,90.3586,2.877053119368403
2018-02-15,91.8129,2.9394533596498755
2018-02-16,94.7695,3.066313395692096
2018-02-20,94.2741,3.0450570668497385
2018-02-21,94.2181,3.042654252123917
2018-02-22,93.9384,3.0306530507165537
2018-02-23,94.8893,3.0714537029091225
2018-02-26,97.1187,3.167111473440316
2018-02-27,94.4978,3.0546554535312795
2018-02-28,92.5561,2.971342143653995
2018-03-01,90.9659,2.903110786921823
2018-03-02,91.9248,2.9442546983609375
2018-03-05,92.4202,2.965511027203295
2018-03-06,91.5412,2.9277954174890586
2018-03-07,91.6691,2.933283274693212
2018-03-08,93.499,3.0117995366000168
2018-03-09,95.3208,3.089968248519695
2018-03-12,94.5298,3.056028490517463
2018-03-13,95.6884,3.1057410108984813
2018-03-14,95.0412,3.0779713378529134
2018-03-15,91.8369,2.9404831373895135
2018-03-16,90.862,2.8986527074573067
2018-03-19,89.5196,2.841053805886896
2018-03-20,90.015,2.8623101347292543
2018-03-21,89.8552,2.855453531279499
2018-03-22,78.3886,2.3634514717240194
2018-03-23,77.8772,2.3415086243885694
2018-03-26,76.1352,2.266763923453188
2018-03-27,73.5223,2.1546511627906977
2018-03-28,75.3281,2.2321333562172834
2018-03-29,75.6318,2.245164335364284
2018-04-02,73.0828,2.1357933579335797
2018-04-03,72.3876,2.1059641294087363
2018-04-04,74.2654,2.186535656054235
2018-04-05,73.6821,2.161507766240453
2018-04-06,71.7403,2.0781901656225865
2018-04-09,72.2997,2.1021925684373124
2018-04-10,74.8088,2.209851540375869
2018-04-11,74.8247,2.2105337681283794
2018-04-12,74.3773,2.1913369947652965
2018-04-13,74.1431,2.181288080322664
2018-04-16,74.7648,2.207963614519866
2018-04-17,75.5641,2.2422595039903888
2018-04-18,76.1535,2.2675491289796614
2018-04-19,75.0958,2.2221659658457047
2018-04-20,74.7648,2.207963614519866
2018-04-23,75.225,2.2277096026774217
2018-04-24,73.7636,2.16500471981464
2018-04-25,74.1754,2.182673989530593
2018-04-26,78.6726,2.375637174976401
2018-04-27,79.7141,2.4203252381361025
2018-04-30,77.954,2.34480391315541
2018-05-01,82.4108,2.536033639406161
2018-05-02,81.0383,2.4771432249206216
2018-05-03,80.9656,2.474023856517635
2018-05-04,80.8768,2.470213678880975
2018-05-07,80.4408,2.45150604994422
2018-05-08,80.2551,2.4435381446837723
2018-05-09,81.6923,2.505204668325753
2018-05-10,83.0406,2.5630567235904915
2018-05-11,84.1144,2.6091306959581226
2018-05-14,85.4951,2.668372951171372
2018-05-15,84.1144,2.6091306959581226
2018-05-16,84.8088,2.6389255985583113
2018-05-17,85.0349,2.648626963013816
2018-05-18,85.5678,2.6714923195743587
2018-05-21,85.7696,2.68015103406848
2018-05-22,85.7696,2.68015103406848
2018-05-23,85.2609,2.6583240367287395
2018-05-24,83.2748,2.5731056380331245
2018-05-25,81.6115,2.5017377499356392
2018-05-29,80.3116,2.445962413112503
2018-05-30,83.1698,2.5686003604222085
2018-05-31,79.8837,2.4276023341628767
2018-06-01,79.1651,2.396769072341886
2018-06-04,80.0129,2.4331459709945937
2018-06-05,80.1259,2.4379945078520553
2018-06-06,80.7234,2.463631682828456
2018-06-07,80.1905,2.440766326267914
2018-06-08,81.0867,2.479219943362224
2018-06-11,80.5538,2.4563545868016816
2018-06-12,79.8595,2.426563974942075
2018-06-13,78.7856,2.3804857118338627
2018-06-14,79.7303,2.421020338110358
2018-06-15,80.3924,2.449429331502617
2018-06-18,79.5123,2.4116665236419803
2018-06-19,79.1328,2.3953831631339573
2018-06-20,79.3266,2.4036986183815325
2018-06-21,77.1466,2.3101604736977603
2018-06-22,75.4834,2.2387968763408566
2018-06-25,75.1281,2.2235518750536345
2018-06-26,74.3773,2.1913369947652965
2018-06-27,73.8847,2.170200806659229
2018-06-28,74.6275,2.202072427701021
2018-06-29,74.8052,2.2096970737149233
2018-07-02,75.1766,2.225632884235819
2018-07-03,75.5803,2.242954603964644
2018-07-05,76.2827,2.2730927658113793
2018-07-06,78.2528,2.357624646013902
2018-07-09,78.3496,2.361778082897108
2018-07-10,79.803,2.424139706513344
2018-07-11,76.6703,2.2897236763065303
2018-07-12,77.9702,2.3454990131296665
2018-07-13,78.802,2.381189393289282
2018-07-16,78.4921,2.3678923882262075
2018-07-17,77.8071,2.3385008152407107
2018-07-18,76.9834,2.303157985068223
2018-07-19,73.3544,2.1474470093538143
2018-07-20,72.5063,2.1110572384793613
2018-07-23,72.9059,2.128203037844332
2018-07-24,74.6511,2.2030850424783317
2018-07-25,75.9396,2.2583712348751392
2018-07-26,76.6083,2.2870634171457995
2018-07-27,73.8519,2.168793443748391
2018-07-30,74.5777,2.1999356388912723
2018-07-31,75.2138,2.2272290397322583
2018-08-01,76.5838,2.2860121857032523
2018-08-02,77.5706,2.3283532137646956
2018-08-03,78.7204,2.3776881489745127
2018-08-06,79.1526,2.3962327297691584
2018-08-07,76.7061,2.291259761434824
2018-08-08,76.437,2.279713378529134
2018-08-09,77.856,2.3405989873852224
2018-08-10,78.1251,2.3521453702909123
2018-08-13,78.9243,2.386436969020853
2018-08-14,78.223,2.356346005320518
2018-08-15,79.4707,2.4098815755599414
2018-08-16,80.0986,2.4368231356732175
2018-08-17,80.5798,2.4574701793529568
2018-08-20,79.6175,2.41618038273406
2018-08-21,79.7072,2.4200291770359565
2018-08-22,79.6256,2.416527932721188
2018-08-23,79.226,2.3993821333562173
2018-08-24,79.4299,2.4081309534025572
2018-08-27,79.9355,2.429824937784262
2018-08-28,79.3157,2.403230927658114
2018-08-29,79.5767,2.4144297605766756
2018-08-30,78.9325,2.386788809748563
2018-08-31,78.2719,2.3584441774650307
2018-09-04,77.1139,2.3087574015275036
2018-09-05,77.6277,2.3308032266369176
2018-09-06,76.4452,2.280065219256844
2018-09-07,76.7958,2.29510855573672
2018-09-10,76.5104,2.2828627821161933
2018-09-11,75.9885,2.260469407019652
2018-09-12,76.0374,2.262567579164164
2018-09-13,78.5573,2.3706899510855575
2018-09-14,78.0273,2.3479490260018876
2018-09-17,77.7744,2.337097743070454
2018-09-18,75.5237,2.240526044795332
2018-09-19,74.227,2.1848880116708145
2018-09-20,75.5807,2.2429717669269715
2018-09-21,75.2382,2.228275980434223
2018-09-24,76.1842,2.2688663863382823
2018-09-25,76.4778,2.2814640006865186
2018-09-26,76.804,2.29546039646443
2018-09-27,76.7714,2.294061615034755
2018-09-28,77.1302,2.309456792242341
2018-10-01,77.4727,2.32415257873509
2018-10-02,76.8448,2.297211018621814
2018-10-03,78.2964,2.359495408907578
2018-10-04,76.5267,2.2835621728310307
2018-10-05,76.9671,2.3024585943533853
2018-10-08,77.3178,2.317506221573844
2018-10-09,77.122,2.3091049515146316
2018-10-10,75.9069,2.2569681627048825
2018-10-11,73.1832,2.140101261477731
2018-10-12,74.7408,2.206933836780228
2018-10-15,73.4963,2.1535355702394234
2018-10-16,75.7462,2.2500729425898913
2018-10-17,76.0429,2.2628035698961644
2018-10-18,74.0897,2.178996824851969
2018-10-19,72.4991,2.11074830515747
2018-10-22,69.4498,1.9799107525958979
2018-10-23,68.3702,1.9335879172745214
2018-10-24,65.4445,1.8080537200720848
2018-10-25,67.3565,1.8900926799965674
2018-10-26,66.5818,1.8568523127091736
2018-10-29,67.0516,1.8770102119625844
2018-10-30,67.2412,1.8851454561057241
2018-10-31,64.1589,1.75289195915215
2018-11-01,66.1038,1.8363425727280531
2018-11-02,65.5682,1.8133613661718015
2018-11-05,68.057,1.9201493177722475
2018-11-06,68.9471,1.958341199691067
2018-11-07,71.6668,2.075036471294945
2018-11-08,72.3013,2.1022612202866213
2018-11-09,73.1749,2.1397451300094392
2018-11-12,73.9166,2.1715695529048316
2018-11-13,72.7052,2.1195915214966106
2018-11-14,72.7793,2.1227709602677427
2018-11-15,74.2875,2.187483909722818
2018-11-16,75.433,2.2366343430876174
2018-11-19,73.7436,2.164146571698275
2018-11-20,72.598,2.1149918475928944
2018-11-21,70.9992,2.046391487170686
2018-11-23,70.5707,2.0280056637775683
2018-11-26,71.0734,2.0495752166823995
2018-11-27,72.2601,2.10049343516691
2018-11-28,73.2985,2.1450484853685747
2018-11-29,74.098,2.179352956320261
2018-11-30,77.6912,2.333527846906376
2018-12-03,77.1885,2.311958294001545
2018-12-04,74.6254,2.201982322148803
2018-12-06,74.4441,2.1942032094739554
2018-12-07,71.6668,2.075036471294945
2018-12-10,72.2024,2.098017677851197
2018-12-11,72.664,2.1178237363768986
2018-12-12,73.0183,2.1330258302583025
2018-12-13,72.2849,2.101557538831202
2018-12-14,70.5542,2.0272976915815666
2018-12-17,69.9938,2.0032523813610226
2018-12-18,68.8812,1.9555136016476447
2018-12-19,68.8317,1.9533896850596413
2018-12-20,70.3564,2.018810606710718
2018-12-21,69.9855,2.0028962498927316
2018-12-24,69.3592,1.9760233416287651
2018-12-26,73.381,2.1485883463485798
2018-12-27,74.098,2.179352956320261
2018-12-28,75.0952,2.2221402214022143
2018-12-31,75.977,2.259975971852742
2019-01-02,73.5375,2.155303355359135
2019-01-03,71.1146,2.051343001802111
2019-01-04,73.4057,2.1496481592722905
2019-01-07,74.4771,2.195619153865957
2019-01-08,74.8232,2.2104694070196516
2019-01-09,72.3673,2.1050931090706255
2019-01-10,72.6887,2.1188835493006093
2019-01-11,72.7793,2.1227709602677427
2019-01-14,70.7355,2.035076804256415
2019-01-15,71.353,2.06157212734918
2019-01-16,71.3948,2.0633656569123833
2019-01-17,72.7718,2.1224491547241056
2019-01-18,74.6912,2.204805629451643
2019-01-22,73.9902,2.1747275379730544
2019-01-23,73.8149,2.167205869733116
2019-01-24,71.6702,2.0751823564747274
2019-01-25,67.2137,1.8839655024457223
2019-01-28,64.3763,1.762220029177036
2019-01-29,64.6517,1.7740367287393808
2019-01-30,65.9786,1.8309705655196087
2019-01-31,67.0051,1.8750150175920364
2019-02-01,67.1803,1.882532395091393
2019-02-04,65.5363,1.811992619926199
2019-02-05,66.5044,1.8535312794988417
2019-02-06,65.9953,1.8316871191967734
2019-02-07,66.0704,1.834909465373724
2019-02-08,66.4877,1.852814725821677
2019-02-11,66.5711,1.8563932034669184
2019-02-12,66.7047,1.862125632884236
2019-02-13,67.4224,1.8929202780399896
2019-02-14,67.197,1.8832489487685575
2019-02-15,67.4724,1.8950656483309016
2019-02-19,67.197,1.8832489487685575
2019-02-20,66.7547,1.8642710031751482
2019-02-21,65.7199,1.8198704196344289
2019-02-22,66.7798,1.8653479790611858
2019-02-25,67.0051,1.8750150175920364
2019-02-26,67.1887,1.882892817300266
2019-02-27,66.2707,1.8435038187591182
2019-02-28,66.1288,1.837415257873509
2019-03-01,66.8465,1.8682099030292632
2019-03-04,66.3124,1.8452930575817386
2019-03-05,65.8534,1.8255985583111642
2019-03-06,65.1691,1.79623702050974
2019-03-07,65.2943,1.8016090277181844
2019-03-08,64.7435,1.7779756285934951
2019-03-11,65.1608,1.7958808890414484
2019-03-12,65.7116,1.8195142881661377
2019-03-13,65.8701,1.826315111988329
2019-03-14,66.7214,1.8628421865614007
2019-03-15,67.8814,1.9126147773105637
2019-03-18,67.3055,1.8879044022998368
2019-03-19,67.4474,1.893992963185446
2019-03-20,67.1219,1.8800266025916073
2019-03-21,67.7979,1.9090320089247403
2019-03-22,66.5628,1.8560370719986268
2019-03-25,66.3542,1.8470865871449416
2019-03-26,67.3973,1.8918433021539518
2019-03-27,66.6713,1.8606925255299065
2019-03-28,66.7297,1.8631983180296916
2019-03-29,67.2555,1.8857590320089246
2019-04-01,67.414,1.8925598558311165
2019-04-02,69.3251,1.9745601990903634
2019-04-03,69.3335,1.9749206212992363
2019-04-04,69.1081,1.9652492920278037
2019-04-05,69.6422,1.9881661374753283
2019-04-08,70.0845,2.007144083068738
2019-04-09,69.008,1.9609542607053976
2019-04-10,69.225,1.9702651677679566
2019-04-11,68.2402,1.92800995451815
2019-04-12,68.307,1.9308761692268086
2019-04-15,68.5184,1.9399467948167854
2019-04-16,67.825,1.910194799622415
2019-04-17,65.9393,1.829284304470952
2019-04-18,65.5926,1.8144083068737666
2019-04-22,66.0831,1.8354543894276154
2019-04-23,66.5143,1.8539560628164424
2019-04-24,66.5228,1.8543207757658975
2019-04-25,67.0893,1.8786278211619323
2019-04-26,67.3937,1.891688835493006
2019-04-29,67.9011,1.9134600532051833
2019-04-30,67.1316,1.8804428044280446
2019-05-01,66.7088,1.8623015532480904
2019-05-02,66.3537,1.8470651334420323
2019-05-03,66.5566,1.855771046082554
2019-05-06,67.0217,1.8757272805286191
2019-05-07,65.9139,1.8281944563631682
2019-05-08,65.9478,1.8296490174204068
2019-05-09,65.8801,1.8267441860465117
2019-05-10,65.4912,1.8100574959237967
2019-05-13,65.0007,1.7890114133699475
2019-05-14,66.3283,1.8459752853342486
2019-05-15,66.6158,1.8583111645069936
2019-05-16,67.2246,1.884433193169141
2019-05-17,67.1908,1.8829829228524841
2019-05-20,67.4952,1.8960439371835578
2019-05-21,68.3915,1.93450184501845
2019-05-22,68.9919,1.960263451471724
2019-05-23,68.6198,1.9442976057667554
2019-05-24,67.6981,1.9047498498240796
2019-05-28,65.9816,1.8310992877370635
2019-05-29,66.007,1.832189135844847
2019-05-30,65.6264,1.8158585771904232
2019-05-31,64.8654,1.783206041362739
2019-06-03,64.0114,1.7465631167939584
2019-06-04,64.8992,1.7846563116793956
2019-06-05,65.1614,1.7959066334849396
2019-06-06,65.1698,1.7962670556938125
2019-06-07,65.4742,1.8093280700248862
2019-06-10,65.0684,1.7919162447438426
2019-06-11,66.1,1.8361795245859434
2019-06-12,66.4382,1.8506908092336736
2019-06-13,66.7595,1.8644769587230758
2019-06-14,66.5397,1.8550459109242254
2019-06-17,66.5059,1.8535956406075689
2019-06-18,66.1676,1.8390800652192565
2019-06-19,65.6264,1.8158585771904232
2019-06-20,66.2437,1.8423453188020253
2019-06-21,66.6158,1.8583111645069936
2019-06-24,66.3367,1.8463357075431217
2019-06-25,55.5554,1.383738093194885
2019-06-26,57.5003,1.4671887067707885
2019-06-27,59.1915,1.539753711490603
2019-06-28,61.4915,1.638440744872565
2019-07-01,62.0665,1.6631125032180551
2019-07-02,62.7683,1.693224920621299
2019-07-03,63.3856,1.7197116622329014
2019-07-05,61.7198,1.6482365056208699
2019-07-08,60.2231,1.5840169913327042
2019-07-09,60.24,1.5847421264910322
2019-07-10,60.5867,1.5996181240882175
2019-07-11,60.24,1.5847421264910322
2019-07-12,60.333,1.588732515232129
2019-07-15,60.3245,1.5883678022826742
2019-07-16,59.3716,1.547481335278469
2019-07-17,58.6504,1.516536514202351
2019-07-18,58.5903,1.5139577791126748
2019-07-19,58.8393,1.5246417231614176
2019-07-22,58.3757,1.5047498498240794
2019-07-23,58.1439,1.4948039131554107
2019-07-24,57.9122,1.4848622672273235
2019-07-25,57.2254,1.455393460911353
2019-07-26,58.1697,1.495910924225521
2019-07-29,57.6718,1.4745473268686171
2019-07-30,57.6718,1.4745473268686171
2019-07-31,57.191,1.4539174461512059
2019-08-01,56.4871,1.4237149231957436
2019-08-02,56.1008,1.4071397923281557
2019-08-05,55.9978,1.4027203295288766
2019-08-06,55.6029,1.3857761949712517
2019-08-07,55.3368,1.3743585342830171
2019-08-08,56.1866,1.4108212477473612
2019-08-09,56.2982,1.415609714236677
2019-08-12,55.3969,1.3769372693726938
2019-08-13,55.8089,1.39461512056981
2019-08-14,54.5126,1.3389942504076202
2019-08-15,54.0662,1.3198403844503561
2019-08-16,55.311,1.3732515232129063
2019-08-19,57.1395,1.451707714751566
2019-08-20,57.0108,1.4461855316227583
2019-08-21,57.9808,1.4878057152664552
2019-08-22,57.9637,1.4870719986269632
2019-08-23,56.633,1.4299751137046253
2019-08-26,57.0537,1.4480262593323605
2019-08-27,56.3755,1.4189264567064277
2019-08-28,56.7189,1.4336608598644123
2019-08-29,56.8477,1.4391873337338026
2019-08-30,56.4356,1.4215051917961037
2019-09-03,56.1437,1.4089805200377583
2019-09-04,56.985,1.4450785205526475
2019-09-05,57.543,1.4690208529992275
2019-09-06,58.0495,1.4907534540461682
2019-09-09,57.2597,1.4568651849309189
2019-09-10,58.5303,1.51138333476358
2019-09-11,59.6548,1.5596327126061957
2019-09-12,60.8052,1.608993392259504
2019-09-13,60.5305,1.5972067278812325
2019-09-16,60.5906,1.5997854629709085
2019-09-17,61.4662,1.6373551875053636
2019-09-18,61.1829,1.6251995194370543
2019-09-19,61.5263,1.6399339225950396
2019-09-20,62.1444,1.6664549901312964
2019-09-23,62.608,1.6863468634686343
2019-09-24,62.6251,1.6870805801081268
2019-09-25,61.8869,1.6554063331330986
2019-09-26,63.5523,1.7268643267828028
2019-09-27,64.2562,1.757066849738265
2019-09-30,65.0031,1.7891143911439116
2019-10-01,62.8655,1.6973955204668325
2019-10-02,61.9212,1.6568780571526645
2019-10-03,63.3978,1.7202351325838836
2019-10-04,64.0931,1.7500686518493096
2019-10-07,63.8098,1.7379129837810006
2019-10-08,63.1231,1.708448468205612
2019-10-09,62.9256,1.6999742555565092
2019-10-10,63.9128,1.7423324465802794
2019-10-11,64.1275,1.7515446666094567
2019-10-14,64.2407,1.7564017849480822
2019-10-15,64.8852,1.7840556079979404
2019-10-16,65.1029,1.7933965502445726
2019-10-17,65.4426,1.8079721960010298
2019-10-18,66.5922,1.8572985497296837
2019-10-21,67.3238,1.8886896078263111
2019-10-22,67.8203,1.9099931348150692
2019-10-23,67.7157,1.9055050201664807
2019-10-24,66.8883,1.8700034325924655
2019-10-25,66.6532,1.8599159014845963
2019-10-28,68.2209,1.9271818415858577
2019-10-29,68.3428,1.9324122543551017
2019-10-30,69.3792,1.97688148974513
2019-10-31,69.2834,1.9727709602677423
2019-11-01,71.1995,2.05498584055608
2019-11-04,72.2795,2.1013258388397835
2019-11-05,71.2779,2.0583497811722307
2019-11-06,71.4869,2.0673174289882437
2019-11-07,71.426,2.0647043679739125
2019-11-08,74.213,2.1842873079893588
2019-11-11,74.6049,2.201102720329529
2019-11-12,75.2842,2.230249721101862
2019-11-13,75.4758,2.238470780056638
2019-11-14,76.3206,2.2747189564918906
2019-11-15,77.1916,2.312091306959581
2019-11-18,77.2787,2.3158285420063502
2019-11-19,77.5313,2.326666952716039
2019-11-20,75.9461,2.2586501330129582
2019-11-21,75.3539,2.2332403672873937
2019-11-22,74.9446,2.215678366085986
2019-11-25,76.4339,2.2795803655710976
2019-11-26,76.399,2.278082897108041
2019-11-27,76.9303,2.300879601819274
2019-11-29,76.4077,2.27845619153866
2019-12-02,75.7981,2.2522998369518583
2019-12-03,74.8575,2.2119411310392176
2019-12-04,75.9461,2.2586501330129582
2019-12-05,75.5281,2.240714837380932
2019-12-06,75.7545,2.2504290740581823
2019-12-09,75.2842,2.230249721101862
2019-12-10,75.3887,2.2347335450098686
2019-12-11,75.5107,2.2399682485196943
2019-12-12,77.2787,2.3158285420063502
2019-12-13,76.5035,2.2825667210160474
2019-12-16,77.8883,2.3419848965931522
2019-12-17,78.4545,2.3662790697674416
2019-12-18,77.8012,2.3382476615463825
2019-12-19,77.3135,2.3173217197288256
2019-12-20,77.7664,2.336754483823908
2019-12-23,78.6025,2.3726293658285424
2019-12-24,78.2541,2.3576804256414654
2019-12-26,78.2367,2.3569338367802284
2019-12-27,77.688,2.333390543207758
2019-12-30,77.0958,2.3079807774821934
2019-12-31,77.1132,2.3087273663434313
2020-01-02,77.9929,2.3464730112417405
2020-01-03,77.2526,2.314708658714494
2020-01-06,77.8622,2.340865013301296
2020-01-07,77.418,2.321805543636832
2020-01-08,77.9667,2.3453488372093023
2020-01-09,78.5677,2.371136188106067
2020-01-10,77.5661,2.3281601304385138
2020-01-13,77.0958,2.3079807774821934
2020-01-14,77.8448,2.3401184244400586
2020-01-15,78.7803,2.3802583025830257
2020-01-16,78.7803,2.3802583025830257
2020-01-17,77.6683,2.3325452673131384
2020-01-21,77.6595,2.3321676821419373
2020-01-22,76.971,2.302625933236077
2020-01-23,75.2588,2.2291598729940785
2020-01-24,73.7319,2.1636445550502015
2020-01-27,74.1556,2.1818244228953922
2020-01-28,73.9349,2.172354758431305
2020-01-29,73.4318,2.150768042564146
2020-01-30,72.1785,2.096992190852141
2020-01-31,71.5078,2.068214193769845
2020-02-03,72.6375,2.1166866901227155
2020-02-04,74.4556,2.194696644640865
2020-02-05,76.4591,2.2806616321977176
2020-02-06,76.9445,2.3014888869818932
2020-02-07,81.4546,2.4950055779627562
2020-02-10,83.6258,2.588166137475328
2020-02-11,84.729,2.6355015875740153
2020-02-12,86.3089,2.703290998026259
2020-02-13,84.1553,2.6108856088560883
2020-02-14,83.008,2.5616579421608168
2020-02-18,82.6196,2.544992705741011
2020-02-19,83.0874,2.565064790182786
2020-02-20,83.1668,2.568471638204754
2020-02-21,83.8111,2.5961168797734486
2020-02-24,82.2048,2.5271947138076034
2020-02-25,78.7097,2.3772290397322577
2020-02-26,78.0301,2.348069166738179
2020-02-27,75.3912,2.234840813524414
2020-02-28,75.6471,2.2458208186733026
2020-03-02,78.2773,2.3586758774564487
2020-03-03,77.2888,2.3162619068051145
2020-03-04,80.978,2.474555908349781
2020-03-05,79.9718,2.431382476615464
2020-03-06,78.392,2.3635973569038016
2020-03-09,75.2588,2.2291598729940785
2020-03-10,77.2535,2.3147472753797307
2020-03-11,74.8881,2.2132540976572552
2020-03-12,69.3807,1.9769458508538575
2020-03-13,75.3471,2.2329485969278298
2020-03-16,65.5503,1.8125933236076543
2020-03-17,64.447,1.765253582768386
2020-03-18,62.6907,1.6898953059298032
2020-03-19,62.7171,1.6910280614434052
2020-03-20,60.7401,1.6062001201407363
2020-03-23,56.9273,1.442602763236935
2020-03-24,59.5663,1.5558354071912812
2020-03-25,59.937,1.5717411825281042
2020-03-26,65.1619,1.7959280871878487
2020-03-27,64.1381,1.75199948511113
2020-03-30,66.4064,1.8493263537286537
2020-03-31,67.2448,1.8852999227666696
2020-04-01,64.8001,1.7804041877628078
2020-04-02,66.3093,1.8451600446237018
2020-04-03,64.7559,1.7785076804256414
2020-04-06,66.8388,1.8678795160044628
2020-04-07,66.5388,1.855007294258989
2020-04-08,69.3366,1.975053634257273
2020-04-09,70.3869,2.0201192825881744
2020-04-13,70.8723,2.04094653737235
2020-04-14,73.5289,2.1549343516690977
2020-04-15,73.2514,2.1430275465545354
2020-04-16,73.2872,2.1445636316828285
2020-04-17,74.7107,2.2056423238650993
2020-04-20,75.1941,2.2263837638376387
2020-04-21,71.9443,2.0869432764095084
2020-04-22,72.938,2.1295803655710976
2020-04-23,73.4483,2.151476014760148
2020-04-24,74.836,2.2110186218141252
2020-04-27,75.8208,2.2532738350639323
2020-04-28,74.0929,2.179134128550588
2020-04-29,74.9882,2.217549128979662
2020-04-30,73.5916,2.157624646013902
2020-05-01,74.1646,2.1822105895477555
2020-05-04,73.2872,2.1445636316828285
2020-05-05,76.4296,2.2793958637260787
2020-05-06,76.4744,2.281318115506737
2020-05-07,75.4,2.2352183986956153
2020-05-08,75.1673,2.2252338453617093
2020-05-11,78.6946,2.376581137904402
2020-05-12,80.9865,2.4749206212992365
2020-05-13,79.5631,2.4138462198575477
2020-05-14,80.521,2.4549472238908434
2020-05-15,81.2104,2.4845275894619414
2020-05-18,81.8908,2.5137217883806744
2020-05-19,81.6491,2.503351068394405
2020-05-20,81.6401,2.502964901742041
2020-05-21,83.2785,2.5732643954346517
2020-05-22,82.4548,2.5379215652621645
2020-05-26,81.2104,2.4845275894619414
2020-05-27,80.5568,2.4564833090191365
2020-05-28,80.6016,2.458405560799794
2020-05-29,82.9651,2.559817214451215
2020-06-01,81.2014,2.4841414228095773
2020-06-02,81.5058,2.49720243714065
2020-06-03,81.3715,2.49143997253926
2020-06-04,83.2964,2.574032437998799
2020-06-05,84.0215,2.6051445979576076
2020-06-08,84.684,2.6335707543121942
2020-06-09,86.0986,2.694267570582683
2020-06-10,86.7521,2.722307560284905
2020-06-11,82.598,2.5440659057753368
2020-06-12,82.7771,2.5517506221573845
2020-06-15,83.3322,2.575568523127092
2020-06-16,86.0001,2.690041191109586
2020-06-17,85.7136,2.6777482193426585
2020-06-18,86.1523,2.696571698275122
2020-06-19,86.582,2.7150090105552214
2020-06-22,87.0834,2.7365227838324895
2020-06-23,87.1192,2.738058868960783
2020-06-24,85.1764,2.6546983609370978
2020-06-25,86.8327,2.7257658971938556
2020-06-26,86.0628,2.6927314854543893
2020-06-29,86.3403,2.704638290568952
2020-06-30,87.8981,2.771479447352613
2020-07-01,88.7575,2.8083540719128117
2020-07-02,88.5248,2.7983695185789066
2020-07-06,88.6411,2.8033596498755684
2020-07-07,87.873,2.7704024714665754
2020-07-08,87.8111,2.7677465030464257
2020-07-09,86.6259,2.716892645670643
2020-07-10,85.6441,2.67476615463829
2020-07-13,86.5552,2.713859092079293
2020-07-14,89.5722,2.8433107354329357
2020-07-15,91.0308,2.905895477559427
2020-07-16,90.5235,2.8841285505878314
2020-07-17,91.3479,2.9195014159443917
2020-07-20,90.1792,2.8693555307646097
2020-07-21,88.2405,2.78617094310478
2020-07-22,88.5123,2.7978331760061783
2020-07-23,88.8112,2.810658199605252
2020-07-24,87.9777,2.774894876855745
2020-07-27,88.023,2.7768385823393116
2020-07-28,87.6154,2.759349523727795
2020-07-29,87.8871,2.7710074658886126
2020-07-30,87.0084,2.733304728396121
2020-07-31,85.9846,2.6893761263194027
2020-08-03,86.9178,2.729417317428988
2020-08-04,85.4229,2.6652750364712947
2020-08-05,84.4807,2.624847678709345
2020-08-06,83.8647,2.598416716725307
2020-08-07,84.1818,2.612022655110272
2020-08-10,83.6926,2.591032352183987
2020-08-11,83.9553,2.6023041276924395
2020-08-12,86.5282,2.7127005921222
2020-08-13,85.7763,2.680438513687463
2020-08-14,86.1296,2.695597700163048
2020-08-17,87.2892,2.7453531279498837
2020-08-18,86.655,2.718141251179954
2020-08-19,87.0627,2.735634600532052
2020-08-20,86.2474,2.7006521925684375
2020-08-21,85.9393,2.687432420835836
2020-08-24,85.6222,2.6738264824508713
2020-08-25,85.2146,2.656337423839355
2020-08-26,85.4773,2.6676091993478073
2020-08-27,85.432,2.6656654938642412
2020-08-28,85.3142,2.660611001458852
2020-08-31,86.7638,2.722809576932979
2020-09-01,83.5657,2.585587402385652
2020-09-02,85.1149,2.652059555479276
2020-09-03,83.2305,2.5712048399553766
2020-09-04,83.2305,2.5712048399553766
2020-09-08,81.7357,2.5070668497382647
2020-09-09,83.0131,2.56187676993049
2020-09-10,81.2193,2.4849094653737236
2020-09-11,81.2646,2.48685317085729
2020-09-14,81.9803,2.5175620012014073
2020-09-15,82.3608,2.5338882691152493
2020-09-16,81.3371,2.489963957779113
2020-09-17,81.2012,2.4841328413284134
2020-09-18,81.636,2.5027889813781856
2020-09-21,80.7119,2.463138247661546
2020-09-22,80.268,2.444091650218828
2020-09-23,78.9453,2.3873380245430362
2020-09-24,77.831,2.3395263022397668
2020-09-25,78.1209,2.351965159186476
2020-09-28,79.0722,2.392782974341371
2020-09-29,78.7188,2.377619497125204
2020-09-30,79.353,2.404831373895134
2020-10-01,78.9453,2.3873380245430362
2020-10-02,78.0212,2.3476872908263964
2020-10-05,79.661,2.4180468548871534
2020-10-06,77.8129,2.3387496781944566
2020-10-07,78.8819,2.3846176950141595
2020-10-08,79.1265,2.3951128464773017
2020-10-09,79.4527,2.409109242255213
2020-10-12,80.0144,2.4332103321033207
2020-10-13,79.5704,2.414159443920021
2020-10-14,79.045,2.3916158929031153
2020-10-15,78.2735,2.3585128293143396
2020-10-16,79.2287,2.3994979833519268
2020-10-19,77.4286,2.3222603621385054
2020-10-20,77.3735,2.31989616407792
2020-10-21,76.1245,2.2663048142109328
2020-10-22,77.4286,2.3222603621385054
2020-10-23,77.4562,2.3234446065390886
2020-10-26,77.0705,2.3068952201149915
2020-10-27,75.9592,2.259212220029177
2020-10-28,73.9204,2.1717326010469407
2020-10-29,74.0857,2.1788251952286966
2020-10-30,78.1542,2.3533939758002234
2020-11-02,81.047,2.47751651935124
2020-11-03,80.7807,2.4660902771818414
2020-11-04,86.7869,2.7238007380073803
2020-11-05,86.043,2.6918819188191883
2020-11-06,85.2716,2.658783145970995
2020-11-09,87.3563,2.7482322148802885
2020-11-10,90.8002,2.89600102977774
2020-11-11,90.139,2.8676306530507163
2020-11-12,89.6339,2.8459581223719215
2020-11-13,90.9564,2.9027031665665493
2020-11-16,90.3319,2.8759074916330563
2020-11-17,91.1125,2.909401012614777
2020-11-18,90.6625,2.890092679996567
2020-11-19,91.535,2.9275293915729854
2020-11-20,92.6095,2.973633399124689
2020-11-23,93.8401,3.0264352527246206
2020-11-24,95.4748,3.096575989015704
2020-11-25,95.6952,3.1060327812580453
2020-11-27,96.3289,3.1332232043250667
2020-11-30,96.0442,3.1210074658886127
2020-12-01,95.5483,3.099729683343345
2020-12-02,96.4207,3.1371621041791813
2020-12-03,96.1911,3.1273105638033125
2020-12-04,98.5238,3.2274006693555304
2020-12-07,97.2014,3.170659915901485
2020-12-08,98.9004,3.243559598386682
2020-12-09,99.8004,3.2821762636231013
2020-12-10,98.7167,3.2356775079378703
2020-12-11,97.6605,3.1903587059126406
2020-12-14,95.6952,3.1060327812580453
2020-12-15,94.4278,3.051651935124003
2020-12-16,96.0993,3.1233716639491975
2020-12-17,96.3289,3.1332232043250667
2020-12-18,95.9248,3.115884321633914
2020-12-21,95.2452,3.0867244486398353
2020-12-22,94.4095,3.0508667295975282
2020-12-23,94.8503,3.0697803140822106
2020-12-24,94.8319,3.068990817815155
2020-12-28,95.0064,3.0764781601304385
2020-12-29,96.1544,3.125735862009783
2020-12-30,96.6779,3.1481978889556337
2020-12-31,98.4044,3.222277525100832
2021-01-04,96.8065,3.15371578134386
2021-01-05,97.8075,3.1966660945679224
2021-01-06,96.9626,3.1604136273920878
2021-01-07,98.0003,3.2049386424096795
2021-01-08,98.5146,3.227005921222003
2021-01-11,100.1218,3.2959667038530847
2021-01-12,100.8198,3.3259160731142194
2021-01-13,103.2718,3.4311250321805544
2021-01-14,103.7127,3.4500429074058183
2021-01-15,102.6814,3.4057924997854627
2021-01-19,104.2237,3.471968591778941
2021-01-20,104.6325,3.489509139277439
2021-01-21,103.3689,3.4352913412855055
2021-01-22,102.9973,3.419346949283446
2021-01-25,102.6628,3.4049944220372437
2021-01-26,101.0834,3.3372264652879085
2021-01-27,95.4996,3.0976400926799967
2021-01-28,96.8189,3.154247833176006
2021-01-29,95.2116,3.0852827598043424
2021-02-01,95.0444,3.0781086415515317
2021-02-02,96.1314,3.1247489916759634
2021-02-03,99.3646,3.2634772161675105
2021-02-04,100.8325,3.326460997168111
2021-02-05,101.0184,3.334437483909723
2021-02-08,99.2624,3.259092079292886
2021-02-09,97.9245,3.201686261048657
2021-02-10,96.6703,3.147871792671415
2021-02-11,96.3916,3.1359134986698702
2021-02-12,97.0326,3.163417145799365
2021-02-16,96.8096,3.1538487943018967
2021-02-17,98.7514,3.2371663949197633
2021-02-18,98.5377,3.2279970822964046
2021-02-19,97.5622,3.1861409079207075
2021-02-22,99.4668,3.267862353042135
2021-02-23,98.7328,3.236368317171544
2021-02-24,100.9812,3.3328413284132843
2021-02-25,99.7176,3.278623530421351
2021-02-26,100.0986,3.294971252038102
2021-03-01,100.721,3.321676821419377
2021-03-02,100.2008,3.2993563889127264
2021-03-03,99.1416,3.253908864670042
2021-03-04,98.1568,3.211653651420235
2021-03-05,99.1323,3.2535098257959323
2021-03-08,98.5842,3.2299922766669527
2021-03-09,99.2159,3.257096884922338
2021-03-10,100.3401,3.305333390543208
2021-03-11,100.2193,3.300150175920364
2021-03-12,100.5445,3.314103664292457
2021-03-15,102.4398,3.3954260705397754
2021-03-16,102.9787,3.418548871535227
2021-03-17,97.5901,3.1873380245430365
2021-03-18,96.4101,3.136707285677508
2021-03-19,96.085,3.1227580880459964
2021-03-22,98.3891,3.2216210417918134
2021-03-23,97.4043,3.1793658285420068
2021-03-24,95.7505,3.108405560799794
2021-03-25,96.5123,3.1410924225521324
2021-03-26,98.4634,3.2248090620441086
2021-03-29,99.1602,3.2547069424182613
2021-03-30,99.2159,3.257096884922338
2021-03-31,100.5445,3.314103664292457
2021-04-01,100.8232,3.3260619582940016
2021-04-05,98.612,3.2311851025486997
2021-04-06,97.906,3.20089247404102
2021-04-07,97.748,3.194113103921737
2021-04-08,98.5749,3.229593237792843
2021-04-09,99.9128,3.286999056037072
2021-04-12,100.5724,3.315300780914786
2021-04-13,100.5445,3.314103664292457
2021-04-14,99.5969,3.2734446065390888
2021-04-15,100.5279,3.313391401355874
2021-04-16,101.4872,3.3545524757573157
2021-04-19,102.1456,3.382802711748048
2021-04-20,102.5406,3.399751137046254
2021-04-21,104.2052,3.471174804771304
2021-04-22,103.4999,3.4409122114476958
2021-04-23,104.7507,3.4945807946451555
2021-04-26,104.7601,3.494984124259847
2021-04-27,104.8071,3.4970007723333048
2021-04-28,105.268,3.5167767956749336
2021-04-29,104.2899,3.474809062044109
2021-04-30,104.8636,3.4994250407620355
2021-05-03,107.8543,3.6277482193426582
2021-05-04,107.1207,3.5962713464343947
2021-05-05,108.8888,3.672135930661632
2021-05-06,109.171,3.684244400583541
2021-05-07,108.8606,3.6709259418175577
2021-05-10,109.3026,3.6898910151892217
2021-05-11,108.0518,3.6362224319917615
2021-05-12,108.1176,3.639045739294602
2021-05-13,109.66,3.705226122028662
2021-05-14,109.5001,3.698365227838325
2021-05-17,109.9327,3.716926971595297
2021-05-18,110.2337,3.729842100746589
2021-05-19,108.9546,3.6749592379644724
2021-05-20,110.1397,3.7258088045996742
2021-05-21,109.2086,3.685857719042307
2021-05-24,109.0111,3.677383506393203
2021-05-25,107.7414,3.6229039732257786
2021-05-26,107.8731,3.628554878572041
2021-05-27,105.6348,3.5325152321290654
2021-05-28,106.4624,3.5680254011842445
2021-06-01,105.5313,3.5280743156268772
2021-06-02,104.7695,3.4953874538745384
2021-06-03,105.5313,3.5280743156268772
2021-06-04,105.6724,3.5341285505878313
2021-06-07,106.2837,3.560357847764524
2021-06-08,105.6536,3.5333218913584483
2021-06-09,107.2148,3.6003089333218914
2021-06-10,109.3214,3.6906976744186046
2021-06-11,108.5502,3.657607483051575
2021-06-14,108.5314,3.656800823822192
2021-06-15,108.9358,3.6741525787350895
2021-06-16,108.6537,3.662048399553763
2021-06-17,108.0612,3.636625761606453
2021-06-18,106.3871,3.5647944735261308
2021-06-21,107.9013,3.629764867416116
2021-06-22,107.8731,3.628554878572041
2021-06-23,107.2148,3.6003089333218914
2021-06-24,107.9107,3.6301681970308075
2021-06-25,106.2555,3.5591478589204497
2021-06-28,106.2743,3.5599545181498327
2021-06-29,105.6159,3.5317042821591005
2021-06-30,105.9357,3.545426070539775
2021-07-01,107.4593,3.610799794044452
2021-07-02,108.3151,3.6475199519437056
2021-07-06,108.8418,3.6701192825881748
2021-07-07,109.8011,3.7112803569896164
2021-07-08,109.4249,3.6951385909207928
2021-07-09,109.6412,3.704419462799279
2021-07-12,110.6287,3.746790526044795
2021-07-13,110.892,3.7580880459967387
2021-07-14,111.5974,3.7883549300609283
2021-07-15,111.4262,3.7810091821848446
2021-07-16,111.7305,3.794065905775337
2021-07-19,109.7527,3.7092036385480136
2021-07-20,110.3517,3.734905174633141
2021-07-21,111.2456,3.77326010469407
2021-07-22,111.7686,3.7957006779370124
2021-07-23,112.3866,3.822217454732687
2021-07-26,112.0063,3.805899768300008
2021-07-27,112.1679,3.812833605080237
2021-07-28,112.729,3.8369089504848537
2021-07-29,113.0333,3.8499656740753454
2021-07-30,110.5894,3.7451042649961384
2021-08-02,109.7812,3.7104264996138334
2021-08-03,110.5419,3.7430661632197717
2021-08-04,109.4294,3.695331674246975
2021-08-05,109.4674,3.6969621556680683
2021-08-06,108.8303,3.6696258474212646
2021-08-09,108.4594,3.6537114906032784
2021-08-10,109.1821,3.6847206727881234
2021-08-11,108.1361,3.63983952630224
2021-08-12,109.9619,3.71817986784519
2021-08-13,110.7606,3.7524500128722216
2021-08-16,112.5958,3.8311936840298633
2021-08-17,113.7845,3.8821977173260103
2021-08-18,111.5308,3.7854972968334333
2021-08-19,112.1394,3.8116107440144167
2021-08-20,112.9857,3.847923281558397
2021-08-23,113.4992,3.8699562344460654
2021-08-24,113.8035,3.883012958036557
2021-08-25,114.4881,3.912387368059727
2021-08-26,114.4881,3.912387368059727
2021-08-27,113.7084,3.878932463743242
2021-08-30,114.6498,3.919325495580537
2021-08-31,114.8495,3.9278941045224407
2021-09-01,106.7573,3.5806787951600447
2021-09-02,106.5196,3.570479704797048
2021-09-03,106.1392,3.554157727623788
2021-09-07,103.6764,3.448485368574616
2021-09-08,104.9411,3.50275036471295
2021-09-09,102.0028,3.376675534197202
2021-09-10,101.4418,3.3526044795331673
2021-09-13,102.2025,3.3852441431391056
2021-09-14,101.2516,3.3444434909465373
2021-09-15,102.4783,3.397078005663778
2021-09-16,102.7731,3.4097271088989958
2021-09-17,102.4402,3.3954432335021028
2021-09-20,101.1756,3.341182528104351
2021-09-21,101.8887,3.371779799193341
2021-09-22,101.1851,3.341590148459624
2021-09-23,102.0884,3.380348408135244
2021-09-24,101.8127,3.3685188363511545
2021-09-27,102.4307,3.3950356131468293
2021-09-28,102.0694,3.3795331674246976
2021-09-29,103.4957,3.4407320003432593
2021-09-30,102.5734,3.4011584999570927
2021-10-01,103.7335,3.450935381446838
2021-10-04,103.3911,3.4362438856946707
2021-10-05,104.1328,3.4680683085900625
2021-10-06,103.9522,3.460319231099288
2021-10-07,105.4261,3.523560456534798
2021-10-08,105.7208,3.536205269029434
2021-10-11,104.9221,3.5019351240024026
2021-10-12,103.239,3.429717669269716
2021-10-13,103.201,3.4280871878486225
2021-10-14,104.7985,3.496631768643268
2021-10-15,105.2026,3.5139706513344207
2021-10-18,103.3743,3.4355230412769244
2021-10-19,103.3936,3.4363511542092167
2021-10-20,104.3174,3.4759890157041107
2021-10-21,104.6541,3.4904359392431132
2021-10-22,105.0198,3.5061271775508454
2021-10-25,104.404,3.47970479704797
2021-10-26,105.3566,3.52057839183043
2021-10-27,104.3077,3.4755728138676734
2021-10-28,105.5298,3.5280099545181494
2021-10-29,110.341,3.734446065390886
2021-11-01,110.4757,3.740225692954604
2021-11-02,112.1308,3.8112417403243795
2021-11-03,113.1315,3.854179181326697
2021-11-04,112.6408,3.8331245172916844
2021-11-05,112.7563,3.8380803226636915
2021-11-08,111.6786,3.79183901141337
2021-11-09,111.2455,3.7732558139534884
2021-11-10,112.3425,3.8203252381361024
2021-11-11,112.227,3.8153694327640952
2021-11-12,112.5542,3.8294087359478244
2021-11-15,112.4291,3.8240410194799623
2021-11-16,112.025,3.80670213678881
2021-11-17,112.9199,3.8450999742555565
2021-11-18,112.6504,3.8335364283875397
2021-11-19,111.8518,3.7992705741010897
2021-11-22,111.284,3.774907749077491
2021-11-23,114.3921,3.9082682571011755
2021-11-24,114.1804,3.8991847592894535
2021-11-26,112.1116,3.8104179181326696
2021-11-29,112.4772,3.82610486569982
2021-11-30,110.928,3.7596327126061957
2021-12-01,111.5342,3.7856431820132155
2021-12-02,112.458,3.8252810435081095
2021-12-03,114.3632,3.907028233073029
2021-12-06,116.7688,4.010246288509396
2021-12-07,116.9228,4.0168540290054064
2021-12-08,117.2692,4.031717154380846
2021-12-09,119.4631,4.125851712005492
2021-12-10,120.7333,4.180352698875826
2021-12-13,121.734,4.223290139878142
2021-12-14,122.4846,4.255496438685317
2021-12-15,125.3136,4.37688148974513
2021-12-16,126.8051,4.440877885523041
2021-12-17,124.64,4.347979061185961
2021-12-20,125.9198,4.402891959152149
2021-12-21,125.0442,4.365322234617695
2021-12-22,127.0649,4.4520252295546205
2021-12-23,128.0656,4.494962670556937
2021-12-27,129.3358,4.549463657427272
2021-12-28,129.3166,4.548639835235561
2021-12-29,130.2499,4.588685317085729
2021-12-30,130.7984,4.612220029177036
2021-12-31,130.2884,4.590337252209731
2022-01-03,130.3077,4.591165365142024
2022-01-04,130.0575,4.580429932206299
2022-01-05,130.7407,4.609744271861324
2022-01-06,130.1249,4.583321891358448
2022-01-07,129.7881,4.568870677078863
2022-01-10,131.2411,4.631215137732772
2022-01-11,131.7992,4.655161760919936
2022-01-12,132.1071,4.6683729511713725
2022-01-13,129.8362,4.570934523298721
2022-01-14,132.1213,4.66898223633399
2022-01-18,133.0062,4.706950999742555
2022-01-19,131.4796,4.641448554020424
2022-01-20,129.3597,4.5504891444263285
2022-01-21,128.3387,4.5066806830859
2022-01-24,128.5137,4.514189479104093
2022-01-25,129.418,4.552990646185532
2022-01-26,130.5266,4.600557796275637
2022-01-27,132.2186,4.673157126920107
2022-01-28,134.1148,4.754518149832661
2022-01-31,133.1132,4.711542092165108
2022-02-01,133.2202,4.71613318458766
2022-02-02,134.7955,4.78372522097314
2022-02-03,136.8473,4.871762636231013
2022-02-04,136.7695,4.868424440058353
2022-02-07,138.5976,4.946863468634686
2022-02-08,139.5506,4.987754226379473
2022-02-09,139.2491,4.974817643525272
2022-02-10,138.7726,4.954372264652879
2022-02-11,138.0919,4.925165193512401
2022-02-14,139.0546,4.9664721530936236
2022-02-15,140.7661,5.039908178151548
2022-02-16,141.8454,5.08621814125118
2022-02-17,140.9703,5.048669870419634
2022-02-18,140.0562,5.009448210761176
2022-02-22,141.544,5.073285849137561
2022-02-23,142.7109,5.123354500986871
2022-02-24,141.262,5.061185960696816
2022-02-25,145.4142,5.23934609113533
2022-02-28,143.693,5.165493864240968
2022-03-01,143.6152,5.162155668068308
2022-03-02,145.4434,5.240598987385223
2022-03-03,146.2602,5.275645756457564
2022-03-04,146.406,5.281901656225865
2022-03-07,145.3267,5.235591693126233
2022-03-08,143.0901,5.139624989273149
2022-03-09,144.7335,5.210139019994851
2022-03-10,145.0544,5.223908006521925
2022-03-11,144.9474,5.219316914099373
2022-03-14,147.9036,5.346159787179268
2022-03-15,151.5793,5.503874538745387
2022-03-16,151.7446,5.510967132927142
2022-03-17,154.2145,5.616944134557623
2022-03-18,154.8077,5.642396807689007
2022-03-21,155.6342,5.677859778597785
2022-03-22,155.5953,5.676190680511456
2022-03-23,154.0492,5.609851540375868
2022-03-24,155.8579,5.687458165279327
2022-03-25,156.8789,5.731266626619753
2022-03-28,157.5012,5.757967905260448
2022-03-29,157.7055,5.766733888269115
2022-03-30,159.2321,5.832236333991246
2022-03-31,157.6374,5.763811893932893
2022-04-01,158.1917,5.787595468977945
2022-04-04,157.4235,5.7546339998283695
2022-04-05,158.921,5.81888784004119
2022-04-06,164.2498,6.04753282416545
2022-04-07,168.4992,6.229863554449497
2022-04-08,170.1329,6.299961383334763
2022-04-11,165.1444,6.085917789410451
2022-04-12,162.6939,5.980773191452845
2022-04-13,155.9357,5.690796361451985
2022-04-14,159.2319,5.832227752510082
2022-04-18,156.3379,5.708053720072083
2022-04-19,153.385,5.58135244143139
2022-04-20,153.7283,5.5960825538487935
2022-04-21,155.5138,5.672693726937268
2022-04-22,152.0508,5.524105380588689
2022-04-25,153.3359,5.579245687805715
2022-04-26,153.2182,5.574195486140907
2022-04-27,154.6309,5.6348107783403405
2022-04-28,153.3457,5.579666180382733
2022-04-29,144.0946,5.182725478417575
2022-05-02,145.0658,5.224397150948254
2022-05-03,146.763,5.297219600102978
2022-05-04,148.7152,5.380983437741355
2022-05-05,149.2941,5.405822534969535
2022-05-06,149.9317,5.433180296919248
2022-05-09,148.0972,5.354466660945678
2022-05-10,149.2058,5.4020338110357855
2022-05-11,149.0782,5.3965588260533774
2022-05-12,151.364,5.494636574272719
2022-05-13,150.589,5.46138333476358
2022-05-16,152.5217,5.544310477988501
2022-05-17,151.8447,5.515262164249548
2022-05-18,149.5393,5.416343430876169
2022-05-19,148.8428,5.386458422723763
2022-05-20,148.1462,5.356569123830773
2022-05-23,145.2228,5.231133613661719
2022-05-24,146.2823,5.276594010126147
2022-05-25,149.0782,5.3965588260533774
2022-05-26,147.7146,5.338050287479619
2022-05-27,147.1554,5.314056466146056
2022-05-31,144.5753,5.203351068394404
2022-06-01,143.2509,5.146524500128722
2022-06-02,143.967,5.177250493435167
2022-06-03,144.3791,5.194932635372865
2022-06-06,143.7512,5.16799107525959
2022-06-07,146.3117,5.277855487857204
2022-06-08,146.4196,5.282485196944993
2022-06-09,142.6721,5.121689693641122
2022-06-10,140.4843,5.027816871191967
2022-06-13,136.776,4.868703338196173
2022-06-14,135.0102,4.792937441002317
2022-06-15,135.4713,4.81272204582511
2022-06-16,136.5112,4.857341457135502
2022-06-17,135.6577,4.82071998626963
2022-06-21,140.7492,5.039183042993221
2022-06-22,144.7617,5.211349008838925
2022-06-23,146.6158,5.290903629966532
2022-06-24,149.451,5.412554706942418
2022-06-27,150.2358,5.446228439028577
2022-06-28,149.5982,5.418870677078863
2022-06-29,151.2169,5.488324894876856
2022-06-30,150.2555,5.447073714923196
2022-07-01,150.8833,5.474010984295889
2022-07-05,151.0109,5.479485969278297
2022-07-06,149.6374,5.420552647386939
2022-07-07,149.1175,5.398245087102034
2022-07-08,149.9513,5.434021282073286
2022-07-11,150.3241,5.450017162962327
2022-07-12,149.5687,5.417604908607226
2022-07-13,149.2646,5.4045567664978975
2022-07-14,148.9703,5.3919291169655885
2022-07-15,152.1192,5.527040247146657
2022-07-18,148.1088,5.354964386853171
2022-07-19,148.2771,5.362185703252381
2022-07-20,146.2472,5.275087960181927
2022-07-21,146.3066,5.2776366600875315
2022-07-22,147.0196,5.308229640435939
2022-07-25,148.7525,5.382583883978374
2022-07-26,149.3961,5.410199090362996
2022-07-27,149.6734,5.422097313996395
2022-07-28,148.2871,5.362614777310564
2022-07-29,142.108,5.097485626019051
2022-08-01,138.8502,4.957701879344375
2022-08-02,139.0185,4.964923195743585
2022-08-03,139.8206,4.9993392259504
2022-08-04,137.5629,4.902467175834549
2022-08-05,136.6914,4.865073371663948
2022-08-08,138.969,4.962799279155582
2022-08-09,138.8799,4.958976229297177
2022-08-10,139.5631,4.988290568952201
2022-08-11,140.692,5.036728739380417
2022-08-12,141.2069,5.058821762636231
2022-08-15,140.8999,5.04564918905003
2022-08-16,141.1574,5.056697846048228
2022-08-17,140.0582,5.009534025572814
2022-08-18,139.9097,5.003162275808804
2022-08-19,140.4642,5.026954432335021
2022-08-22,138.969,4.962799279155582
2022-08-23,137.6619,4.906715009010555
2022-08-24,136.5627,4.859551188535141
2022-08-25,137.9688,4.9198832918561735
2022-08-26,135.018,4.7932721187677
2022-08-29,134.3842,4.766077404960096
2022-08-30,134.2258,4.759280871878486
2022-08-31,133.1464,4.712966618038274
2022-09-01,137.0974,4.882493778426156
2022-09-02,134.9486,4.790294344803913
2022-09-06,136.2458,4.8459538316313395
2022-09-07,137.3549,4.8935424354243535
2022-09-08,139.1472,4.970445378872393
2022-09-09,140.0384,5.008684458937612
2022-09-12,140.8504,5.043525272462027
2022-09-13,137.1767,4.885896335707543
2022-09-14,138.1867,4.92923281558397
2022-09-15,141.1178,5.054998712777825
2022-09-16,142.6526,5.120852999227667
2022-09-19,141.2663,5.061370462541834
2022-09-20,140.385,5.023556165794216
2022-09-21,138.9393,4.96152492920278
2022-09-22,141.6129,5.076242169398438
2022-09-23,141.6624,5.078366085986441
2022-09-26,139.8305,4.999764009268
2022-09-27,140.3355,5.021432249206213
2022-09-28,143.1874,5.143799879859263
2022-09-29,141.3257,5.063919162447439
2022-09-30,132.8989,4.702347035098258
2022-10-03,136.9687,4.8769715952973485
2022-10-04,140.6029,5.0329056895220114
2022-10-05,141.9298,5.08983952630224
2022-10-06,138.9195,4.960675362567579
2022-10-07,137.4044,4.895666352012357
2022-10-10,136.9588,4.876546811979748
2022-10-11,140.1275,5.012507508796018
2022-10-12,138.6125,4.947502788981379
2022-10-13,142.92,5.132326439543465
2022-10-14,142.94,5.13318458765983
2022-10-17,144.41,5.196258474212649
2022-10-18,144.6,5.204410881318116
2022-10-19,143.13,5.141336994765296
2022-10-20,142.93,5.132755513601648
2022-10-21,147.06,5.3099630996309966
2022-10-24,150.89,5.474298463914871
2022-10-25,149.82,5.42838753968935
